0,1,0.0006,2.00E+11
2,1,0.0006,2.00E+11
3,1,0.0006,2.00E+11
4,1,0.0006,2.00E+11
5,1,0.0006,2.00E+11
6,1,0.0006,2.00E+11
7,1,0.0006,2.00E+11
8,1,0.0006,2.00E+11
9,1,0.0006,2.00E+11
10,1,0.0006,2.00E+11
11,1,0.0006,2.00E+11
12,1,0.0006,2.00E+11
13,1,0.0006,2.00E+11
14,1,0.0006,2.00E+11
15,1,0.0006,2.00E+11
16,1,0.0006,2.00E+11
17,1,0.0006,2.00E+11
18,1,0.0006,2.00E+11
19,1,0.0006,2.00E+11
20,1,0.0006,2.00E+11
21,1,0.0006,2.00E+11
22,1,0.0006,2.00E+11
23,1,0.0006,2.00E+11
24,1,0.0006,2.00E+11
25,1,0.0006,2.00E+11
26,1,0.0006,2.00E+11
27,1,0.0006,2.00E+11
28,1,0.0006,2.00E+11
29,1,0.0006,2.00E+11
30,1,0.0006,2.00E+11
31,1,0.0006,2.00E+11
32,1,0.0006,2.00E+11
33,1,0.0006,2.00E+11
34,1,0.0006,2.00E+11
35,1,0.0006,2.00E+11
36,1,0.0006,2.00E+11
37,1,0.0006,2.00E+11
38,1,0.0006,2.00E+11
39,1,0.0006,2.00E+11
40,1,0.0006,2.00E+11
41,1,0.0006,2.00E+11
42,1,0.0006,2.00E+11
43,1,0.0006,2.00E+11
44,1,0.0006,2.00E+11
45,1,0.0006,2.00E+11
46,1,0.0006,2.00E+11
47,1,0.0006,2.00E+11
48,1,0.0006,2.00E+11
49,1,0.0006,2.00E+11
50,1,0.0006,2.00E+11
51,1,0.0006,2.00E+11
52,1,0.0006,2.00E+11
53,1,0.0006,2.00E+11
54,1,0.0006,2.00E+11
55,1,0.0006,2.00E+11
56,1,0.0006,2.00E+11
57,1,0.0006,2.00E+11
58,0,0.0006,2.00E+11
2,0,0.0006,2.00E+11
3,0,0.0006,2.00E+11
4,0,0.0006,2.00E+11
5,0,0.0006,2.00E+11
6,0,0.0006,2.00E+11
7,0,0.0006,2.00E+11
8,0,0.0006,2.00E+11
9,0,0.0006,2.00E+11
10,0,0.0006,2.00E+11
11,0,0.0006,2.00E+11
59,0,0.0006,2.00E+11
60,0,0.0006,2.00E+11
61,0,0.0006,2.00E+11
62,0,0.0006,2.00E+11
63,0,0.0006,2.00E+11
64,0,0.0006,2.00E+11
18,0,0.0006,2.00E+11
65,0,0.0006,2.00E+11
20,0,0.0006,2.00E+11
66,0,0.0006,2.00E+11
22,0,0.0006,2.00E+11
67,0,0.0006,2.00E+11
68,0,0.0006,2.00E+11
69,0,0.0006,2.00E+11
70,0,0.0006,2.00E+11
71,0,0.0006,2.00E+11
72,0,0.0006,2.00E+11
73,0,0.0006,2.00E+11
29,0,0.0006,2.00E+11
30,0,0.0006,2.00E+11
31,0,0.0006,2.00E+11
74,0,0.0006,2.00E+11
33,0,0.0006,2.00E+11
34,0,0.0006,2.00E+11
35,0,0.0006,2.00E+11
75,0,0.0006,2.00E+11
76,0,0.0006,2.00E+11
77,0,0.0006,2.00E+11
78,0,0.0006,2.00E+11
79,0,0.0006,2.00E+11
40,0,0.0006,2.00E+11
41,0,0.0006,2.00E+11
42,0,0.0006,2.00E+11
43,0,0.0006,2.00E+11
44,0,0.0006,2.00E+11
80,0,0.0006,2.00E+11
46,0,0.0006,2.00E+11
81,0,0.0006,2.00E+11
82,0,0.0006,2.00E+11
83,0,0.0006,2.00E+11
84,0,0.0006,2.00E+11
85,0,0.0006,2.00E+11
86,0,0.0006,2.00E+11
53,0,0.0006,2.00E+11
87,0,0.0006,2.00E+11
55,0,0.0006,2.00E+11
88,0,0.0006,2.00E+11
57,0,0.0006,2.00E+11
89,0,0.0006,2.00E+11
90,58,0.0006,2.00E+11
2,58,0.0006,2.00E+11
3,58,0.0006,2.00E+11
4,58,0.0006,2.00E+11
5,58,0.0006,2.00E+11
6,58,0.0006,2.00E+11
7,58,0.0006,2.00E+11
8,58,0.0006,2.00E+11
9,58,0.0006,2.00E+11
10,58,0.0006,2.00E+11
11,58,0.0006,2.00E+11
12,58,0.0006,2.00E+11
13,58,0.0006,2.00E+11
14,58,0.0006,2.00E+11
15,58,0.0006,2.00E+11
16,58,0.0006,2.00E+11
64,58,0.0006,2.00E+11
17,58,0.0006,2.00E+11
65,58,0.0006,2.00E+11
19,58,0.0006,2.00E+11
66,58,0.0006,2.00E+11
21,58,0.0006,2.00E+11
67,58,0.0006,2.00E+11
23,58,0.0006,2.00E+11
24,58,0.0006,2.00E+11
25,58,0.0006,2.00E+11
26,58,0.0006,2.00E+11
27,58,0.0006,2.00E+11
73,58,0.0006,2.00E+11
28,58,0.0006,2.00E+11
30,58,0.0006,2.00E+11
31,58,0.0006,2.00E+11
74,58,0.0006,2.00E+11
32,58,0.0006,2.00E+11
34,58,0.0006,2.00E+11
35,58,0.0006,2.00E+11
36,58,0.0006,2.00E+11
91,58,0.0006,2.00E+11
38,58,0.0006,2.00E+11
92,58,0.0006,2.00E+11
79,58,0.0006,2.00E+11
39,58,0.0006,2.00E+11
41,58,0.0006,2.00E+11
42,58,0.0006,2.00E+11
43,58,0.0006,2.00E+11
44,58,0.0006,2.00E+11
80,58,0.0006,2.00E+11
45,58,0.0006,2.00E+11
47,58,0.0006,2.00E+11
48,58,0.0006,2.00E+11
49,58,0.0006,2.00E+11
50,58,0.0006,2.00E+11
51,58,0.0006,2.00E+11
86,58,0.0006,2.00E+11
52,58,0.0006,2.00E+11
87,58,0.0006,2.00E+11
54,58,0.0006,2.00E+11
88,58,0.0006,2.00E+11
56,58,0.0006,2.00E+11
89,58,0.0006,2.00E+11
93,90,0.0006,2.00E+11
2,90,0.0006,2.00E+11
3,90,0.0006,2.00E+11
4,90,0.0006,2.00E+11
5,90,0.0006,2.00E+11
6,90,0.0006,2.00E+11
7,90,0.0006,2.00E+11
8,90,0.0006,2.00E+11
9,90,0.0006,2.00E+11
10,90,0.0006,2.00E+11
11,90,0.0006,2.00E+11
59,90,0.0006,2.00E+11
60,90,0.0006,2.00E+11
61,90,0.0006,2.00E+11
62,90,0.0006,2.00E+11
63,90,0.0006,2.00E+11
17,90,0.0006,2.00E+11
18,90,0.0006,2.00E+11
19,90,0.0006,2.00E+11
20,90,0.0006,2.00E+11
21,90,0.0006,2.00E+11
22,90,0.0006,2.00E+11
68,90,0.0006,2.00E+11
69,90,0.0006,2.00E+11
70,90,0.0006,2.00E+11
71,90,0.0006,2.00E+11
72,90,0.0006,2.00E+11
73,90,0.0006,2.00E+11
28,90,0.0006,2.00E+11
29,90,0.0006,2.00E+11
31,90,0.0006,2.00E+11
74,90,0.0006,2.00E+11
32,90,0.0006,2.00E+11
33,90,0.0006,2.00E+11
35,90,0.0006,2.00E+11
76,90,0.0006,2.00E+11
94,90,0.0006,2.00E+11
78,90,0.0006,2.00E+11
79,90,0.0006,2.00E+11
39,90,0.0006,2.00E+11
40,90,0.0006,2.00E+11
42,90,0.0006,2.00E+11
43,90,0.0006,2.00E+11
44,90,0.0006,2.00E+11
80,90,0.0006,2.00E+11
45,90,0.0006,2.00E+11
46,90,0.0006,2.00E+11
81,90,0.0006,2.00E+11
82,90,0.0006,2.00E+11
83,90,0.0006,2.00E+11
84,90,0.0006,2.00E+11
85,90,0.0006,2.00E+11
52,90,0.0006,2.00E+11
53,90,0.0006,2.00E+11
54,90,0.0006,2.00E+11
55,90,0.0006,2.00E+11
56,90,0.0006,2.00E+11
57,90,0.0006,2.00E+11
95,93,0.0006,2.00E+11
2,93,0.0006,2.00E+11
3,93,0.0006,2.00E+11
4,93,0.0006,2.00E+11
5,93,0.0006,2.00E+11
6,93,0.0006,2.00E+11
7,93,0.0006,2.00E+11
8,93,0.0006,2.00E+11
9,93,0.0006,2.00E+11
10,93,0.0006,2.00E+11
11,93,0.0006,2.00E+11
12,93,0.0006,2.00E+11
13,93,0.0006,2.00E+11
14,93,0.0006,2.00E+11
15,93,0.0006,2.00E+11
16,93,0.0006,2.00E+11
64,93,0.0006,2.00E+11
18,93,0.0006,2.00E+11
65,93,0.0006,2.00E+11
20,93,0.0006,2.00E+11
66,93,0.0006,2.00E+11
22,93,0.0006,2.00E+11
67,93,0.0006,2.00E+11
23,93,0.0006,2.00E+11
24,93,0.0006,2.00E+11
25,93,0.0006,2.00E+11
26,93,0.0006,2.00E+11
27,93,0.0006,2.00E+11
73,93,0.0006,2.00E+11
28,93,0.0006,2.00E+11
29,93,0.0006,2.00E+11
30,93,0.0006,2.00E+11
74,93,0.0006,2.00E+11
32,93,0.0006,2.00E+11
33,93,0.0006,2.00E+11
34,93,0.0006,2.00E+11
91,93,0.0006,2.00E+11
37,93,0.0006,2.00E+11
92,93,0.0006,2.00E+11
79,93,0.0006,2.00E+11
39,93,0.0006,2.00E+11
40,93,0.0006,2.00E+11
41,93,0.0006,2.00E+11
43,93,0.0006,2.00E+11
44,93,0.0006,2.00E+11
80,93,0.0006,2.00E+11
45,93,0.0006,2.00E+11
46,93,0.0006,2.00E+11
47,93,0.0006,2.00E+11
48,93,0.0006,2.00E+11
49,93,0.0006,2.00E+11
50,93,0.0006,2.00E+11
51,93,0.0006,2.00E+11
86,93,0.0006,2.00E+11
53,93,0.0006,2.00E+11
87,93,0.0006,2.00E+11
55,93,0.0006,2.00E+11
88,93,0.0006,2.00E+11
57,93,0.0006,2.00E+11
89,93,0.0006,2.00E+11
96,95,0.0006,2.00E+11
2,95,0.0006,2.00E+11
3,95,0.0006,2.00E+11
4,95,0.0006,2.00E+11
5,95,0.0006,2.00E+11
6,95,0.0006,2.00E+11
7,95,0.0006,2.00E+11
8,95,0.0006,2.00E+11
9,95,0.0006,2.00E+11
10,95,0.0006,2.00E+11
11,95,0.0006,2.00E+11
59,95,0.0006,2.00E+11
60,95,0.0006,2.00E+11
61,95,0.0006,2.00E+11
62,95,0.0006,2.00E+11
63,95,0.0006,2.00E+11
64,95,0.0006,2.00E+11
17,95,0.0006,2.00E+11
65,95,0.0006,2.00E+11
19,95,0.0006,2.00E+11
66,95,0.0006,2.00E+11
21,95,0.0006,2.00E+11
67,95,0.0006,2.00E+11
68,95,0.0006,2.00E+11
69,95,0.0006,2.00E+11
70,95,0.0006,2.00E+11
71,95,0.0006,2.00E+11
72,95,0.0006,2.00E+11
28,95,0.0006,2.00E+11
29,95,0.0006,2.00E+11
30,95,0.0006,2.00E+11
31,95,0.0006,2.00E+11
32,95,0.0006,2.00E+11
33,95,0.0006,2.00E+11
34,95,0.0006,2.00E+11
35,95,0.0006,2.00E+11
75,95,0.0006,2.00E+11
94,95,0.0006,2.00E+11
77,95,0.0006,2.00E+11
79,95,0.0006,2.00E+11
39,95,0.0006,2.00E+11
40,95,0.0006,2.00E+11
41,95,0.0006,2.00E+11
42,95,0.0006,2.00E+11
44,95,0.0006,2.00E+11
80,95,0.0006,2.00E+11
45,95,0.0006,2.00E+11
46,95,0.0006,2.00E+11
81,95,0.0006,2.00E+11
82,95,0.0006,2.00E+11
83,95,0.0006,2.00E+11
84,95,0.0006,2.00E+11
85,95,0.0006,2.00E+11
86,95,0.0006,2.00E+11
52,95,0.0006,2.00E+11
87,95,0.0006,2.00E+11
54,95,0.0006,2.00E+11
88,95,0.0006,2.00E+11
56,95,0.0006,2.00E+11
89,95,0.0006,2.00E+11
97,96,0.0006,2.00E+11
2,96,0.0006,2.00E+11
3,96,0.0006,2.00E+11
4,96,0.0006,2.00E+11
5,96,0.0006,2.00E+11
6,96,0.0006,2.00E+11
7,96,0.0006,2.00E+11
8,96,0.0006,2.00E+11
9,96,0.0006,2.00E+11
10,96,0.0006,2.00E+11
11,96,0.0006,2.00E+11
12,96,0.0006,2.00E+11
13,96,0.0006,2.00E+11
14,96,0.0006,2.00E+11
15,96,0.0006,2.00E+11
16,96,0.0006,2.00E+11
17,96,0.0006,2.00E+11
18,96,0.0006,2.00E+11
19,96,0.0006,2.00E+11
20,96,0.0006,2.00E+11
21,96,0.0006,2.00E+11
22,96,0.0006,2.00E+11
23,96,0.0006,2.00E+11
24,96,0.0006,2.00E+11
25,96,0.0006,2.00E+11
26,96,0.0006,2.00E+11
27,96,0.0006,2.00E+11
73,96,0.0006,2.00E+11
29,96,0.0006,2.00E+11
30,96,0.0006,2.00E+11
31,96,0.0006,2.00E+11
74,96,0.0006,2.00E+11
33,96,0.0006,2.00E+11
34,96,0.0006,2.00E+11
35,96,0.0006,2.00E+11
36,96,0.0006,2.00E+11
37,96,0.0006,2.00E+11
38,96,0.0006,2.00E+11
79,96,0.0006,2.00E+11
39,96,0.0006,2.00E+11
40,96,0.0006,2.00E+11
41,96,0.0006,2.00E+11
42,96,0.0006,2.00E+11
43,96,0.0006,2.00E+11
80,96,0.0006,2.00E+11
45,96,0.0006,2.00E+11
46,96,0.0006,2.00E+11
47,96,0.0006,2.00E+11
48,96,0.0006,2.00E+11
49,96,0.0006,2.00E+11
50,96,0.0006,2.00E+11
51,96,0.0006,2.00E+11
52,96,0.0006,2.00E+11
53,96,0.0006,2.00E+11
54,96,0.0006,2.00E+11
55,96,0.0006,2.00E+11
56,96,0.0006,2.00E+11
57,96,0.0006,2.00E+11
98,97,0.0006,2.00E+11
2,97,0.0006,2.00E+11
3,97,0.0006,2.00E+11
4,97,0.0006,2.00E+11
5,97,0.0006,2.00E+11
6,97,0.0006,2.00E+11
7,97,0.0006,2.00E+11
8,97,0.0006,2.00E+11
9,97,0.0006,2.00E+11
10,97,0.0006,2.00E+11
11,97,0.0006,2.00E+11
59,97,0.0006,2.00E+11
60,97,0.0006,2.00E+11
61,97,0.0006,2.00E+11
62,97,0.0006,2.00E+11
63,97,0.0006,2.00E+11
64,97,0.0006,2.00E+11
18,97,0.0006,2.00E+11
65,97,0.0006,2.00E+11
20,97,0.0006,2.00E+11
66,97,0.0006,2.00E+11
22,97,0.0006,2.00E+11
67,97,0.0006,2.00E+11
68,97,0.0006,2.00E+11
69,97,0.0006,2.00E+11
70,97,0.0006,2.00E+11
71,97,0.0006,2.00E+11
72,97,0.0006,2.00E+11
73,97,0.0006,2.00E+11
28,97,0.0006,2.00E+11
30,97,0.0006,2.00E+11
31,97,0.0006,2.00E+11
74,97,0.0006,2.00E+11
32,97,0.0006,2.00E+11
34,97,0.0006,2.00E+11
35,97,0.0006,2.00E+11
75,97,0.0006,2.00E+11
76,97,0.0006,2.00E+11
77,97,0.0006,2.00E+11
78,97,0.0006,2.00E+11
39,97,0.0006,2.00E+11
40,97,0.0006,2.00E+11
41,97,0.0006,2.00E+11
42,97,0.0006,2.00E+11
43,97,0.0006,2.00E+11
44,97,0.0006,2.00E+11
45,97,0.0006,2.00E+11
46,97,0.0006,2.00E+11
81,97,0.0006,2.00E+11
82,97,0.0006,2.00E+11
83,97,0.0006,2.00E+11
84,97,0.0006,2.00E+11
85,97,0.0006,2.00E+11
86,97,0.0006,2.00E+11
53,97,0.0006,2.00E+11
87,97,0.0006,2.00E+11
55,97,0.0006,2.00E+11
88,97,0.0006,2.00E+11
57,97,0.0006,2.00E+11
89,97,0.0006,2.00E+11
99,98,0.0006,2.00E+11
2,98,0.0006,2.00E+11
3,98,0.0006,2.00E+11
4,98,0.0006,2.00E+11
5,98,0.0006,2.00E+11
6,98,0.0006,2.00E+11
7,98,0.0006,2.00E+11
8,98,0.0006,2.00E+11
9,98,0.0006,2.00E+11
10,98,0.0006,2.00E+11
11,98,0.0006,2.00E+11
12,98,0.0006,2.00E+11
13,98,0.0006,2.00E+11
14,98,0.0006,2.00E+11
15,98,0.0006,2.00E+11
16,98,0.0006,2.00E+11
64,98,0.0006,2.00E+11
17,98,0.0006,2.00E+11
65,98,0.0006,2.00E+11
19,98,0.0006,2.00E+11
66,98,0.0006,2.00E+11
21,98,0.0006,2.00E+11
67,98,0.0006,2.00E+11
23,98,0.0006,2.00E+11
24,98,0.0006,2.00E+11
25,98,0.0006,2.00E+11
26,98,0.0006,2.00E+11
27,98,0.0006,2.00E+11
73,98,0.0006,2.00E+11
28,98,0.0006,2.00E+11
29,98,0.0006,2.00E+11
31,98,0.0006,2.00E+11
74,98,0.0006,2.00E+11
32,98,0.0006,2.00E+11
33,98,0.0006,2.00E+11
35,98,0.0006,2.00E+11
36,98,0.0006,2.00E+11
91,98,0.0006,2.00E+11
38,98,0.0006,2.00E+11
92,98,0.0006,2.00E+11
79,98,0.0006,2.00E+11
40,98,0.0006,2.00E+11
41,98,0.0006,2.00E+11
42,98,0.0006,2.00E+11
43,98,0.0006,2.00E+11
44,98,0.0006,2.00E+11
80,98,0.0006,2.00E+11
46,98,0.0006,2.00E+11
47,98,0.0006,2.00E+11
48,98,0.0006,2.00E+11
49,98,0.0006,2.00E+11
50,98,0.0006,2.00E+11
51,98,0.0006,2.00E+11
86,98,0.0006,2.00E+11
52,98,0.0006,2.00E+11
87,98,0.0006,2.00E+11
54,98,0.0006,2.00E+11
88,98,0.0006,2.00E+11
56,98,0.0006,2.00E+11
89,98,0.0006,2.00E+11
2,99,0.0006,2.00E+11
3,99,0.0006,2.00E+11
4,99,0.0006,2.00E+11
5,99,0.0006,2.00E+11
6,99,0.0006,2.00E+11
7,99,0.0006,2.00E+11
8,99,0.0006,2.00E+11
9,99,0.0006,2.00E+11
10,99,0.0006,2.00E+11
11,99,0.0006,2.00E+11
59,99,0.0006,2.00E+11
60,99,0.0006,2.00E+11
61,99,0.0006,2.00E+11
62,99,0.0006,2.00E+11
63,99,0.0006,2.00E+11
17,99,0.0006,2.00E+11
18,99,0.0006,2.00E+11
19,99,0.0006,2.00E+11
20,99,0.0006,2.00E+11
21,99,0.0006,2.00E+11
22,99,0.0006,2.00E+11
68,99,0.0006,2.00E+11
69,99,0.0006,2.00E+11
70,99,0.0006,2.00E+11
71,99,0.0006,2.00E+11
72,99,0.0006,2.00E+11
73,99,0.0006,2.00E+11
28,99,0.0006,2.00E+11
29,99,0.0006,2.00E+11
30,99,0.0006,2.00E+11
74,99,0.0006,2.00E+11
32,99,0.0006,2.00E+11
33,99,0.0006,2.00E+11
34,99,0.0006,2.00E+11
76,99,0.0006,2.00E+11
94,99,0.0006,2.00E+11
78,99,0.0006,2.00E+11
79,99,0.0006,2.00E+11
39,99,0.0006,2.00E+11
41,99,0.0006,2.00E+11
42,99,0.0006,2.00E+11
43,99,0.0006,2.00E+11
44,99,0.0006,2.00E+11
80,99,0.0006,2.00E+11
45,99,0.0006,2.00E+11
81,99,0.0006,2.00E+11
82,99,0.0006,2.00E+11
83,99,0.0006,2.00E+11
84,99,0.0006,2.00E+11
85,99,0.0006,2.00E+11
52,99,0.0006,2.00E+11
53,99,0.0006,2.00E+11
54,99,0.0006,2.00E+11
55,99,0.0006,2.00E+11
56,99,0.0006,2.00E+11
57,99,0.0006,2.00E+11
3,2,0.0006,2.00E+11
59,2,0.0006,2.00E+11
12,2,0.0006,2.00E+11
60,2,0.0006,2.00E+11
13,2,0.0006,2.00E+11
61,2,0.0006,2.00E+11
14,2,0.0006,2.00E+11
62,2,0.0006,2.00E+11
15,2,0.0006,2.00E+11
63,2,0.0006,2.00E+11
16,2,0.0006,2.00E+11
17,2,0.0006,2.00E+11
65,2,0.0006,2.00E+11
20,2,0.0006,2.00E+11
21,2,0.0006,2.00E+11
67,2,0.0006,2.00E+11
23,2,0.0006,2.00E+11
69,2,0.0006,2.00E+11
70,2,0.0006,2.00E+11
25,2,0.0006,2.00E+11
26,2,0.0006,2.00E+11
72,2,0.0006,2.00E+11
28,2,0.0006,2.00E+11
30,2,0.0006,2.00E+11
74,2,0.0006,2.00E+11
33,2,0.0006,2.00E+11
35,2,0.0006,2.00E+11
36,2,0.0006,2.00E+11
76,2,0.0006,2.00E+11
91,2,0.0006,2.00E+11
94,2,0.0006,2.00E+11
77,2,0.0006,2.00E+11
38,2,0.0006,2.00E+11
78,2,0.0006,2.00E+11
92,2,0.0006,2.00E+11
39,2,0.0006,2.00E+11
43,2,0.0006,2.00E+11
80,2,0.0006,2.00E+11
47,2,0.0006,2.00E+11
82,2,0.0006,2.00E+11
48,2,0.0006,2.00E+11
83,2,0.0006,2.00E+11
49,2,0.0006,2.00E+11
84,2,0.0006,2.00E+11
85,2,0.0006,2.00E+11
51,2,0.0006,2.00E+11
52,2,0.0006,2.00E+11
87,2,0.0006,2.00E+11
55,2,0.0006,2.00E+11
56,2,0.0006,2.00E+11
89,2,0.0006,2.00E+11
4,3,0.0006,2.00E+11
59,3,0.0006,2.00E+11
12,3,0.0006,2.00E+11
60,3,0.0006,2.00E+11
13,3,0.0006,2.00E+11
61,3,0.0006,2.00E+11
14,3,0.0006,2.00E+11
62,3,0.0006,2.00E+11
15,3,0.0006,2.00E+11
63,3,0.0006,2.00E+11
16,3,0.0006,2.00E+11
64,3,0.0006,2.00E+11
18,3,0.0006,2.00E+11
19,3,0.0006,2.00E+11
66,3,0.0006,2.00E+11
22,3,0.0006,2.00E+11
68,3,0.0006,2.00E+11
69,3,0.0006,2.00E+11
24,3,0.0006,2.00E+11
25,3,0.0006,2.00E+11
71,3,0.0006,2.00E+11
72,3,0.0006,2.00E+11
27,3,0.0006,2.00E+11
73,3,0.0006,2.00E+11
29,3,0.0006,2.00E+11
31,3,0.0006,2.00E+11
32,3,0.0006,2.00E+11
34,3,0.0006,2.00E+11
75,3,0.0006,2.00E+11
76,3,0.0006,2.00E+11
91,3,0.0006,2.00E+11
94,3,0.0006,2.00E+11
37,3,0.0006,2.00E+11
38,3,0.0006,2.00E+11
78,3,0.0006,2.00E+11
92,3,0.0006,2.00E+11
79,3,0.0006,2.00E+11
40,3,0.0006,2.00E+11
44,3,0.0006,2.00E+11
45,3,0.0006,2.00E+11
81,3,0.0006,2.00E+11
82,3,0.0006,2.00E+11
48,3,0.0006,2.00E+11
83,3,0.0006,2.00E+11
49,3,0.0006,2.00E+11
84,3,0.0006,2.00E+11
50,3,0.0006,2.00E+11
51,3,0.0006,2.00E+11
86,3,0.0006,2.00E+11
53,3,0.0006,2.00E+11
54,3,0.0006,2.00E+11
88,3,0.0006,2.00E+11
57,3,0.0006,2.00E+11
5,4,0.0006,2.00E+11
59,4,0.0006,2.00E+11
12,4,0.0006,2.00E+11
60,4,0.0006,2.00E+11
13,4,0.0006,2.00E+11
61,4,0.0006,2.00E+11
14,4,0.0006,2.00E+11
62,4,0.0006,2.00E+11
15,4,0.0006,2.00E+11
63,4,0.0006,2.00E+11
16,4,0.0006,2.00E+11
17,4,0.0006,2.00E+11
65,4,0.0006,2.00E+11
20,4,0.0006,2.00E+11
21,4,0.0006,2.00E+11
67,4,0.0006,2.00E+11
68,4,0.0006,2.00E+11
23,4,0.0006,2.00E+11
24,4,0.0006,2.00E+11
70,4,0.0006,2.00E+11
71,4,0.0006,2.00E+11
26,4,0.0006,2.00E+11
27,4,0.0006,2.00E+11
28,4,0.0006,2.00E+11
30,4,0.0006,2.00E+11
74,4,0.0006,2.00E+11
33,4,0.0006,2.00E+11
35,4,0.0006,2.00E+11
75,4,0.0006,2.00E+11
36,4,0.0006,2.00E+11
91,4,0.0006,2.00E+11
94,4,0.0006,2.00E+11
37,4,0.0006,2.00E+11
77,4,0.0006,2.00E+11
78,4,0.0006,2.00E+11
92,4,0.0006,2.00E+11
39,4,0.0006,2.00E+11
41,4,0.0006,2.00E+11
80,4,0.0006,2.00E+11
46,4,0.0006,2.00E+11
81,4,0.0006,2.00E+11
47,4,0.0006,2.00E+11
48,4,0.0006,2.00E+11
83,4,0.0006,2.00E+11
49,4,0.0006,2.00E+11
84,4,0.0006,2.00E+11
50,4,0.0006,2.00E+11
85,4,0.0006,2.00E+11
52,4,0.0006,2.00E+11
87,4,0.0006,2.00E+11
55,4,0.0006,2.00E+11
56,4,0.0006,2.00E+11
89,4,0.0006,2.00E+11
6,5,0.0006,2.00E+11
59,5,0.0006,2.00E+11
12,5,0.0006,2.00E+11
60,5,0.0006,2.00E+11
13,5,0.0006,2.00E+11
61,5,0.0006,2.00E+11
14,5,0.0006,2.00E+11
62,5,0.0006,2.00E+11
15,5,0.0006,2.00E+11
63,5,0.0006,2.00E+11
16,5,0.0006,2.00E+11
64,5,0.0006,2.00E+11
18,5,0.0006,2.00E+11
19,5,0.0006,2.00E+11
66,5,0.0006,2.00E+11
22,5,0.0006,2.00E+11
23,5,0.0006,2.00E+11
69,5,0.0006,2.00E+11
70,5,0.0006,2.00E+11
25,5,0.0006,2.00E+11
26,5,0.0006,2.00E+11
72,5,0.0006,2.00E+11
73,5,0.0006,2.00E+11
29,5,0.0006,2.00E+11
31,5,0.0006,2.00E+11
32,5,0.0006,2.00E+11
34,5,0.0006,2.00E+11
75,5,0.0006,2.00E+11
36,5,0.0006,2.00E+11
76,5,0.0006,2.00E+11
94,5,0.0006,2.00E+11
37,5,0.0006,2.00E+11
77,5,0.0006,2.00E+11
38,5,0.0006,2.00E+11
92,5,0.0006,2.00E+11
40,5,0.0006,2.00E+11
42,5,0.0006,2.00E+11
45,5,0.0006,2.00E+11
81,5,0.0006,2.00E+11
47,5,0.0006,2.00E+11
82,5,0.0006,2.00E+11
83,5,0.0006,2.00E+11
49,5,0.0006,2.00E+11
84,5,0.0006,2.00E+11
50,5,0.0006,2.00E+11
85,5,0.0006,2.00E+11
51,5,0.0006,2.00E+11
86,5,0.0006,2.00E+11
53,5,0.0006,2.00E+11
54,5,0.0006,2.00E+11
88,5,0.0006,2.00E+11
57,5,0.0006,2.00E+11
7,6,0.0006,2.00E+11
59,6,0.0006,2.00E+11
12,6,0.0006,2.00E+11
60,6,0.0006,2.00E+11
13,6,0.0006,2.00E+11
61,6,0.0006,2.00E+11
14,6,0.0006,2.00E+11
62,6,0.0006,2.00E+11
15,6,0.0006,2.00E+11
63,6,0.0006,2.00E+11
16,6,0.0006,2.00E+11
17,6,0.0006,2.00E+11
65,6,0.0006,2.00E+11
20,6,0.0006,2.00E+11
21,6,0.0006,2.00E+11
67,6,0.0006,2.00E+11
68,6,0.0006,2.00E+11
69,6,0.0006,2.00E+11
24,6,0.0006,2.00E+11
25,6,0.0006,2.00E+11
71,6,0.0006,2.00E+11
72,6,0.0006,2.00E+11
27,6,0.0006,2.00E+11
28,6,0.0006,2.00E+11
30,6,0.0006,2.00E+11
74,6,0.0006,2.00E+11
33,6,0.0006,2.00E+11
35,6,0.0006,2.00E+11
75,6,0.0006,2.00E+11
36,6,0.0006,2.00E+11
76,6,0.0006,2.00E+11
91,6,0.0006,2.00E+11
37,6,0.0006,2.00E+11
77,6,0.0006,2.00E+11
38,6,0.0006,2.00E+11
78,6,0.0006,2.00E+11
41,6,0.0006,2.00E+11
43,6,0.0006,2.00E+11
46,6,0.0006,2.00E+11
81,6,0.0006,2.00E+11
47,6,0.0006,2.00E+11
82,6,0.0006,2.00E+11
48,6,0.0006,2.00E+11
49,6,0.0006,2.00E+11
84,6,0.0006,2.00E+11
50,6,0.0006,2.00E+11
85,6,0.0006,2.00E+11
51,6,0.0006,2.00E+11
52,6,0.0006,2.00E+11
87,6,0.0006,2.00E+11
55,6,0.0006,2.00E+11
56,6,0.0006,2.00E+11
89,6,0.0006,2.00E+11
8,7,0.0006,2.00E+11
59,7,0.0006,2.00E+11
12,7,0.0006,2.00E+11
60,7,0.0006,2.00E+11
13,7,0.0006,2.00E+11
61,7,0.0006,2.00E+11
14,7,0.0006,2.00E+11
62,7,0.0006,2.00E+11
15,7,0.0006,2.00E+11
63,7,0.0006,2.00E+11
16,7,0.0006,2.00E+11
64,7,0.0006,2.00E+11
18,7,0.0006,2.00E+11
19,7,0.0006,2.00E+11
66,7,0.0006,2.00E+11
22,7,0.0006,2.00E+11
68,7,0.0006,2.00E+11
23,7,0.0006,2.00E+11
24,7,0.0006,2.00E+11
70,7,0.0006,2.00E+11
71,7,0.0006,2.00E+11
26,7,0.0006,2.00E+11
27,7,0.0006,2.00E+11
73,7,0.0006,2.00E+11
29,7,0.0006,2.00E+11
31,7,0.0006,2.00E+11
32,7,0.0006,2.00E+11
34,7,0.0006,2.00E+11
36,7,0.0006,2.00E+11
76,7,0.0006,2.00E+11
91,7,0.0006,2.00E+11
94,7,0.0006,2.00E+11
77,7,0.0006,2.00E+11
38,7,0.0006,2.00E+11
78,7,0.0006,2.00E+11
92,7,0.0006,2.00E+11
79,7,0.0006,2.00E+11
42,7,0.0006,2.00E+11
44,7,0.0006,2.00E+11
81,7,0.0006,2.00E+11
47,7,0.0006,2.00E+11
82,7,0.0006,2.00E+11
48,7,0.0006,2.00E+11
83,7,0.0006,2.00E+11
84,7,0.0006,2.00E+11
50,7,0.0006,2.00E+11
85,7,0.0006,2.00E+11
51,7,0.0006,2.00E+11
86,7,0.0006,2.00E+11
53,7,0.0006,2.00E+11
54,7,0.0006,2.00E+11
88,7,0.0006,2.00E+11
57,7,0.0006,2.00E+11
9,8,0.0006,2.00E+11
59,8,0.0006,2.00E+11
12,8,0.0006,2.00E+11
60,8,0.0006,2.00E+11
13,8,0.0006,2.00E+11
61,8,0.0006,2.00E+11
14,8,0.0006,2.00E+11
62,8,0.0006,2.00E+11
15,8,0.0006,2.00E+11
63,8,0.0006,2.00E+11
16,8,0.0006,2.00E+11
17,8,0.0006,2.00E+11
65,8,0.0006,2.00E+11
20,8,0.0006,2.00E+11
21,8,0.0006,2.00E+11
67,8,0.0006,2.00E+11
23,8,0.0006,2.00E+11
69,8,0.0006,2.00E+11
70,8,0.0006,2.00E+11
25,8,0.0006,2.00E+11
26,8,0.0006,2.00E+11
72,8,0.0006,2.00E+11
28,8,0.0006,2.00E+11
30,8,0.0006,2.00E+11
74,8,0.0006,2.00E+11
33,8,0.0006,2.00E+11
35,8,0.0006,2.00E+11
75,8,0.0006,2.00E+11
76,8,0.0006,2.00E+11
91,8,0.0006,2.00E+11
94,8,0.0006,2.00E+11
37,8,0.0006,2.00E+11
38,8,0.0006,2.00E+11
78,8,0.0006,2.00E+11
92,8,0.0006,2.00E+11
39,8,0.0006,2.00E+11
43,8,0.0006,2.00E+11
80,8,0.0006,2.00E+11
81,8,0.0006,2.00E+11
47,8,0.0006,2.00E+11
82,8,0.0006,2.00E+11
48,8,0.0006,2.00E+11
83,8,0.0006,2.00E+11
49,8,0.0006,2.00E+11
50,8,0.0006,2.00E+11
85,8,0.0006,2.00E+11
51,8,0.0006,2.00E+11
52,8,0.0006,2.00E+11
87,8,0.0006,2.00E+11
55,8,0.0006,2.00E+11
56,8,0.0006,2.00E+11
89,8,0.0006,2.00E+11
10,9,0.0006,2.00E+11
59,9,0.0006,2.00E+11
12,9,0.0006,2.00E+11
60,9,0.0006,2.00E+11
13,9,0.0006,2.00E+11
61,9,0.0006,2.00E+11
14,9,0.0006,2.00E+11
62,9,0.0006,2.00E+11
15,9,0.0006,2.00E+11
63,9,0.0006,2.00E+11
16,9,0.0006,2.00E+11
64,9,0.0006,2.00E+11
18,9,0.0006,2.00E+11
19,9,0.0006,2.00E+11
66,9,0.0006,2.00E+11
22,9,0.0006,2.00E+11
68,9,0.0006,2.00E+11
69,9,0.0006,2.00E+11
24,9,0.0006,2.00E+11
25,9,0.0006,2.00E+11
71,9,0.0006,2.00E+11
72,9,0.0006,2.00E+11
27,9,0.0006,2.00E+11
73,9,0.0006,2.00E+11
29,9,0.0006,2.00E+11
31,9,0.0006,2.00E+11
32,9,0.0006,2.00E+11
34,9,0.0006,2.00E+11
75,9,0.0006,2.00E+11
36,9,0.0006,2.00E+11
91,9,0.0006,2.00E+11
94,9,0.0006,2.00E+11
37,9,0.0006,2.00E+11
77,9,0.0006,2.00E+11
78,9,0.0006,2.00E+11
92,9,0.0006,2.00E+11
79,9,0.0006,2.00E+11
40,9,0.0006,2.00E+11
44,9,0.0006,2.00E+11
45,9,0.0006,2.00E+11
47,9,0.0006,2.00E+11
82,9,0.0006,2.00E+11
48,9,0.0006,2.00E+11
83,9,0.0006,2.00E+11
49,9,0.0006,2.00E+11
84,9,0.0006,2.00E+11
85,9,0.0006,2.00E+11
51,9,0.0006,2.00E+11
86,9,0.0006,2.00E+11
53,9,0.0006,2.00E+11
54,9,0.0006,2.00E+11
88,9,0.0006,2.00E+11
57,9,0.0006,2.00E+11
11,10,0.0006,2.00E+11
59,10,0.0006,2.00E+11
12,10,0.0006,2.00E+11
60,10,0.0006,2.00E+11
13,10,0.0006,2.00E+11
61,10,0.0006,2.00E+11
14,10,0.0006,2.00E+11
62,10,0.0006,2.00E+11
15,10,0.0006,2.00E+11
63,10,0.0006,2.00E+11
16,10,0.0006,2.00E+11
17,10,0.0006,2.00E+11
65,10,0.0006,2.00E+11
20,10,0.0006,2.00E+11
21,10,0.0006,2.00E+11
67,10,0.0006,2.00E+11
68,10,0.0006,2.00E+11
23,10,0.0006,2.00E+11
24,10,0.0006,2.00E+11
70,10,0.0006,2.00E+11
71,10,0.0006,2.00E+11
26,10,0.0006,2.00E+11
27,10,0.0006,2.00E+11
28,10,0.0006,2.00E+11
30,10,0.0006,2.00E+11
74,10,0.0006,2.00E+11
33,10,0.0006,2.00E+11
35,10,0.0006,2.00E+11
75,10,0.0006,2.00E+11
36,10,0.0006,2.00E+11
76,10,0.0006,2.00E+11
94,10,0.0006,2.00E+11
37,10,0.0006,2.00E+11
77,10,0.0006,2.00E+11
38,10,0.0006,2.00E+11
92,10,0.0006,2.00E+11
39,10,0.0006,2.00E+11
41,10,0.0006,2.00E+11
80,10,0.0006,2.00E+11
46,10,0.0006,2.00E+11
81,10,0.0006,2.00E+11
82,10,0.0006,2.00E+11
48,10,0.0006,2.00E+11
83,10,0.0006,2.00E+11
49,10,0.0006,2.00E+11
84,10,0.0006,2.00E+11
50,10,0.0006,2.00E+11
51,10,0.0006,2.00E+11
52,10,0.0006,2.00E+11
87,10,0.0006,2.00E+11
55,10,0.0006,2.00E+11
56,10,0.0006,2.00E+11
89,10,0.0006,2.00E+11
59,11,0.0006,2.00E+11
12,11,0.0006,2.00E+11
60,11,0.0006,2.00E+11
13,11,0.0006,2.00E+11
61,11,0.0006,2.00E+11
14,11,0.0006,2.00E+11
62,11,0.0006,2.00E+11
15,11,0.0006,2.00E+11
63,11,0.0006,2.00E+11
16,11,0.0006,2.00E+11
64,11,0.0006,2.00E+11
18,11,0.0006,2.00E+11
19,11,0.0006,2.00E+11
66,11,0.0006,2.00E+11
22,11,0.0006,2.00E+11
23,11,0.0006,2.00E+11
69,11,0.0006,2.00E+11
70,11,0.0006,2.00E+11
25,11,0.0006,2.00E+11
26,11,0.0006,2.00E+11
72,11,0.0006,2.00E+11
73,11,0.0006,2.00E+11
29,11,0.0006,2.00E+11
31,11,0.0006,2.00E+11
32,11,0.0006,2.00E+11
34,11,0.0006,2.00E+11
75,11,0.0006,2.00E+11
36,11,0.0006,2.00E+11
76,11,0.0006,2.00E+11
91,11,0.0006,2.00E+11
37,11,0.0006,2.00E+11
77,11,0.0006,2.00E+11
38,11,0.0006,2.00E+11
78,11,0.0006,2.00E+11
40,11,0.0006,2.00E+11
42,11,0.0006,2.00E+11
45,11,0.0006,2.00E+11
81,11,0.0006,2.00E+11
47,11,0.0006,2.00E+11
48,11,0.0006,2.00E+11
83,11,0.0006,2.00E+11
49,11,0.0006,2.00E+11
84,11,0.0006,2.00E+11
50,11,0.0006,2.00E+11
85,11,0.0006,2.00E+11
86,11,0.0006,2.00E+11
53,11,0.0006,2.00E+11
54,11,0.0006,2.00E+11
88,11,0.0006,2.00E+11
57,11,0.0006,2.00E+11
12,59,0.0006,2.00E+11
64,59,0.0006,2.00E+11
17,59,0.0006,2.00E+11
18,59,0.0006,2.00E+11
65,59,0.0006,2.00E+11
19,59,0.0006,2.00E+11
20,59,0.0006,2.00E+11
66,59,0.0006,2.00E+11
21,59,0.0006,2.00E+11
22,59,0.0006,2.00E+11
67,59,0.0006,2.00E+11
23,59,0.0006,2.00E+11
24,59,0.0006,2.00E+11
25,59,0.0006,2.00E+11
26,59,0.0006,2.00E+11
27,59,0.0006,2.00E+11
28,59,0.0006,2.00E+11
29,59,0.0006,2.00E+11
31,59,0.0006,2.00E+11
74,59,0.0006,2.00E+11
33,59,0.0006,2.00E+11
34,59,0.0006,2.00E+11
36,59,0.0006,2.00E+11
91,59,0.0006,2.00E+11
37,59,0.0006,2.00E+11
38,59,0.0006,2.00E+11
92,59,0.0006,2.00E+11
39,59,0.0006,2.00E+11
40,59,0.0006,2.00E+11
41,59,0.0006,2.00E+11
42,59,0.0006,2.00E+11
44,59,0.0006,2.00E+11
80,59,0.0006,2.00E+11
45,59,0.0006,2.00E+11
46,59,0.0006,2.00E+11
47,59,0.0006,2.00E+11
49,59,0.0006,2.00E+11
50,59,0.0006,2.00E+11
52,59,0.0006,2.00E+11
53,59,0.0006,2.00E+11
87,59,0.0006,2.00E+11
54,59,0.0006,2.00E+11
55,59,0.0006,2.00E+11
88,59,0.0006,2.00E+11
57,59,0.0006,2.00E+11
89,59,0.0006,2.00E+11
60,12,0.0006,2.00E+11
64,12,0.0006,2.00E+11
17,12,0.0006,2.00E+11
18,12,0.0006,2.00E+11
65,12,0.0006,2.00E+11
19,12,0.0006,2.00E+11
20,12,0.0006,2.00E+11
66,12,0.0006,2.00E+11
21,12,0.0006,2.00E+11
22,12,0.0006,2.00E+11
67,12,0.0006,2.00E+11
68,12,0.0006,2.00E+11
69,12,0.0006,2.00E+11
70,12,0.0006,2.00E+11
71,12,0.0006,2.00E+11
72,12,0.0006,2.00E+11
73,12,0.0006,2.00E+11
29,12,0.0006,2.00E+11
30,12,0.0006,2.00E+11
74,12,0.0006,2.00E+11
32,12,0.0006,2.00E+11
34,12,0.0006,2.00E+11
35,12,0.0006,2.00E+11
75,12,0.0006,2.00E+11
76,12,0.0006,2.00E+11
94,12,0.0006,2.00E+11
77,12,0.0006,2.00E+11
78,12,0.0006,2.00E+11
79,12,0.0006,2.00E+11
40,12,0.0006,2.00E+11
41,12,0.0006,2.00E+11
42,12,0.0006,2.00E+11
43,12,0.0006,2.00E+11
80,12,0.0006,2.00E+11
45,12,0.0006,2.00E+11
46,12,0.0006,2.00E+11
81,12,0.0006,2.00E+11
82,12,0.0006,2.00E+11
84,12,0.0006,2.00E+11
85,12,0.0006,2.00E+11
86,12,0.0006,2.00E+11
53,12,0.0006,2.00E+11
87,12,0.0006,2.00E+11
54,12,0.0006,2.00E+11
55,12,0.0006,2.00E+11
88,12,0.0006,2.00E+11
56,12,0.0006,2.00E+11
89,12,0.0006,2.00E+11
13,60,0.0006,2.00E+11
64,60,0.0006,2.00E+11
17,60,0.0006,2.00E+11
18,60,0.0006,2.00E+11
65,60,0.0006,2.00E+11
19,60,0.0006,2.00E+11
20,60,0.0006,2.00E+11
66,60,0.0006,2.00E+11
21,60,0.0006,2.00E+11
22,60,0.0006,2.00E+11
67,60,0.0006,2.00E+11
23,60,0.0006,2.00E+11
24,60,0.0006,2.00E+11
25,60,0.0006,2.00E+11
26,60,0.0006,2.00E+11
27,60,0.0006,2.00E+11
73,60,0.0006,2.00E+11
28,60,0.0006,2.00E+11
30,60,0.0006,2.00E+11
31,60,0.0006,2.00E+11
32,60,0.0006,2.00E+11
33,60,0.0006,2.00E+11
35,60,0.0006,2.00E+11
36,60,0.0006,2.00E+11
91,60,0.0006,2.00E+11
37,60,0.0006,2.00E+11
38,60,0.0006,2.00E+11
92,60,0.0006,2.00E+11
79,60,0.0006,2.00E+11
39,60,0.0006,2.00E+11
41,60,0.0006,2.00E+11
42,60,0.0006,2.00E+11
43,60,0.0006,2.00E+11
44,60,0.0006,2.00E+11
45,60,0.0006,2.00E+11
46,60,0.0006,2.00E+11
47,60,0.0006,2.00E+11
48,60,0.0006,2.00E+11
50,60,0.0006,2.00E+11
51,60,0.0006,2.00E+11
86,60,0.0006,2.00E+11
52,60,0.0006,2.00E+11
87,60,0.0006,2.00E+11
54,60,0.0006,2.00E+11
55,60,0.0006,2.00E+11
88,60,0.0006,2.00E+11
56,60,0.0006,2.00E+11
57,60,0.0006,2.00E+11
61,13,0.0006,2.00E+11
64,13,0.0006,2.00E+11
17,13,0.0006,2.00E+11
18,13,0.0006,2.00E+11
65,13,0.0006,2.00E+11
19,13,0.0006,2.00E+11
20,13,0.0006,2.00E+11
66,13,0.0006,2.00E+11
21,13,0.0006,2.00E+11
22,13,0.0006,2.00E+11
67,13,0.0006,2.00E+11
68,13,0.0006,2.00E+11
69,13,0.0006,2.00E+11
70,13,0.0006,2.00E+11
71,13,0.0006,2.00E+11
72,13,0.0006,2.00E+11
28,13,0.0006,2.00E+11
29,13,0.0006,2.00E+11
31,13,0.0006,2.00E+11
74,13,0.0006,2.00E+11
33,13,0.0006,2.00E+11
34,13,0.0006,2.00E+11
75,13,0.0006,2.00E+11
76,13,0.0006,2.00E+11
94,13,0.0006,2.00E+11
77,13,0.0006,2.00E+11
78,13,0.0006,2.00E+11
79,13,0.0006,2.00E+11
39,13,0.0006,2.00E+11
40,13,0.0006,2.00E+11
42,13,0.0006,2.00E+11
43,13,0.0006,2.00E+11
44,13,0.0006,2.00E+11
80,13,0.0006,2.00E+11
46,13,0.0006,2.00E+11
82,13,0.0006,2.00E+11
83,13,0.0006,2.00E+11
85,13,0.0006,2.00E+11
86,13,0.0006,2.00E+11
52,13,0.0006,2.00E+11
53,13,0.0006,2.00E+11
54,13,0.0006,2.00E+11
55,13,0.0006,2.00E+11
88,13,0.0006,2.00E+11
56,13,0.0006,2.00E+11
57,13,0.0006,2.00E+11
89,13,0.0006,2.00E+11
14,61,0.0006,2.00E+11
64,61,0.0006,2.00E+11
17,61,0.0006,2.00E+11
18,61,0.0006,2.00E+11
65,61,0.0006,2.00E+11
19,61,0.0006,2.00E+11
20,61,0.0006,2.00E+11
66,61,0.0006,2.00E+11
21,61,0.0006,2.00E+11
22,61,0.0006,2.00E+11
67,61,0.0006,2.00E+11
23,61,0.0006,2.00E+11
24,61,0.0006,2.00E+11
25,61,0.0006,2.00E+11
26,61,0.0006,2.00E+11
27,61,0.0006,2.00E+11
73,61,0.0006,2.00E+11
29,61,0.0006,2.00E+11
30,61,0.0006,2.00E+11
74,61,0.0006,2.00E+11
32,61,0.0006,2.00E+11
34,61,0.0006,2.00E+11
35,61,0.0006,2.00E+11
36,61,0.0006,2.00E+11
91,61,0.0006,2.00E+11
37,61,0.0006,2.00E+11
38,61,0.0006,2.00E+11
92,61,0.0006,2.00E+11
79,61,0.0006,2.00E+11
39,61,0.0006,2.00E+11
40,61,0.0006,2.00E+11
41,61,0.0006,2.00E+11
43,61,0.0006,2.00E+11
44,61,0.0006,2.00E+11
80,61,0.0006,2.00E+11
45,61,0.0006,2.00E+11
48,61,0.0006,2.00E+11
49,61,0.0006,2.00E+11
51,61,0.0006,2.00E+11
86,61,0.0006,2.00E+11
52,61,0.0006,2.00E+11
53,61,0.0006,2.00E+11
87,61,0.0006,2.00E+11
55,61,0.0006,2.00E+11
88,61,0.0006,2.00E+11
56,61,0.0006,2.00E+11
57,61,0.0006,2.00E+11
89,61,0.0006,2.00E+11
62,14,0.0006,2.00E+11
64,14,0.0006,2.00E+11
17,14,0.0006,2.00E+11
18,14,0.0006,2.00E+11
65,14,0.0006,2.00E+11
19,14,0.0006,2.00E+11
20,14,0.0006,2.00E+11
66,14,0.0006,2.00E+11
21,14,0.0006,2.00E+11
22,14,0.0006,2.00E+11
67,14,0.0006,2.00E+11
68,14,0.0006,2.00E+11
69,14,0.0006,2.00E+11
70,14,0.0006,2.00E+11
71,14,0.0006,2.00E+11
72,14,0.0006,2.00E+11
73,14,0.0006,2.00E+11
28,14,0.0006,2.00E+11
30,14,0.0006,2.00E+11
31,14,0.0006,2.00E+11
32,14,0.0006,2.00E+11
33,14,0.0006,2.00E+11
35,14,0.0006,2.00E+11
75,14,0.0006,2.00E+11
76,14,0.0006,2.00E+11
94,14,0.0006,2.00E+11
77,14,0.0006,2.00E+11
78,14,0.0006,2.00E+11
39,14,0.0006,2.00E+11
40,14,0.0006,2.00E+11
41,14,0.0006,2.00E+11
42,14,0.0006,2.00E+11
44,14,0.0006,2.00E+11
80,14,0.0006,2.00E+11
45,14,0.0006,2.00E+11
46,14,0.0006,2.00E+11
81,14,0.0006,2.00E+11
83,14,0.0006,2.00E+11
84,14,0.0006,2.00E+11
86,14,0.0006,2.00E+11
52,14,0.0006,2.00E+11
53,14,0.0006,2.00E+11
87,14,0.0006,2.00E+11
54,14,0.0006,2.00E+11
88,14,0.0006,2.00E+11
56,14,0.0006,2.00E+11
57,14,0.0006,2.00E+11
89,14,0.0006,2.00E+11
15,62,0.0006,2.00E+11
64,62,0.0006,2.00E+11
17,62,0.0006,2.00E+11
18,62,0.0006,2.00E+11
65,62,0.0006,2.00E+11
19,62,0.0006,2.00E+11
20,62,0.0006,2.00E+11
66,62,0.0006,2.00E+11
21,62,0.0006,2.00E+11
22,62,0.0006,2.00E+11
67,62,0.0006,2.00E+11
23,62,0.0006,2.00E+11
24,62,0.0006,2.00E+11
25,62,0.0006,2.00E+11
26,62,0.0006,2.00E+11
27,62,0.0006,2.00E+11
28,62,0.0006,2.00E+11
29,62,0.0006,2.00E+11
31,62,0.0006,2.00E+11
74,62,0.0006,2.00E+11
33,62,0.0006,2.00E+11
34,62,0.0006,2.00E+11
36,62,0.0006,2.00E+11
91,62,0.0006,2.00E+11
37,62,0.0006,2.00E+11
38,62,0.0006,2.00E+11
92,62,0.0006,2.00E+11
79,62,0.0006,2.00E+11
40,62,0.0006,2.00E+11
41,62,0.0006,2.00E+11
42,62,0.0006,2.00E+11
43,62,0.0006,2.00E+11
80,62,0.0006,2.00E+11
45,62,0.0006,2.00E+11
46,62,0.0006,2.00E+11
47,62,0.0006,2.00E+11
49,62,0.0006,2.00E+11
50,62,0.0006,2.00E+11
86,62,0.0006,2.00E+11
52,62,0.0006,2.00E+11
53,62,0.0006,2.00E+11
87,62,0.0006,2.00E+11
54,62,0.0006,2.00E+11
55,62,0.0006,2.00E+11
56,62,0.0006,2.00E+11
57,62,0.0006,2.00E+11
89,62,0.0006,2.00E+11
63,15,0.0006,2.00E+11
64,15,0.0006,2.00E+11
17,15,0.0006,2.00E+11
18,15,0.0006,2.00E+11
65,15,0.0006,2.00E+11
19,15,0.0006,2.00E+11
20,15,0.0006,2.00E+11
66,15,0.0006,2.00E+11
21,15,0.0006,2.00E+11
22,15,0.0006,2.00E+11
67,15,0.0006,2.00E+11
68,15,0.0006,2.00E+11
69,15,0.0006,2.00E+11
70,15,0.0006,2.00E+11
71,15,0.0006,2.00E+11
72,15,0.0006,2.00E+11
73,15,0.0006,2.00E+11
29,15,0.0006,2.00E+11
30,15,0.0006,2.00E+11
74,15,0.0006,2.00E+11
32,15,0.0006,2.00E+11
34,15,0.0006,2.00E+11
35,15,0.0006,2.00E+11
75,15,0.0006,2.00E+11
76,15,0.0006,2.00E+11
94,15,0.0006,2.00E+11
77,15,0.0006,2.00E+11
78,15,0.0006,2.00E+11
79,15,0.0006,2.00E+11
39,15,0.0006,2.00E+11
41,15,0.0006,2.00E+11
42,15,0.0006,2.00E+11
43,15,0.0006,2.00E+11
44,15,0.0006,2.00E+11
45,15,0.0006,2.00E+11
46,15,0.0006,2.00E+11
81,15,0.0006,2.00E+11
82,15,0.0006,2.00E+11
84,15,0.0006,2.00E+11
85,15,0.0006,2.00E+11
52,15,0.0006,2.00E+11
53,15,0.0006,2.00E+11
87,15,0.0006,2.00E+11
54,15,0.0006,2.00E+11
55,15,0.0006,2.00E+11
88,15,0.0006,2.00E+11
57,15,0.0006,2.00E+11
89,15,0.0006,2.00E+11
16,63,0.0006,2.00E+11
64,63,0.0006,2.00E+11
17,63,0.0006,2.00E+11
18,63,0.0006,2.00E+11
65,63,0.0006,2.00E+11
19,63,0.0006,2.00E+11
20,63,0.0006,2.00E+11
66,63,0.0006,2.00E+11
21,63,0.0006,2.00E+11
22,63,0.0006,2.00E+11
67,63,0.0006,2.00E+11
23,63,0.0006,2.00E+11
24,63,0.0006,2.00E+11
25,63,0.0006,2.00E+11
26,63,0.0006,2.00E+11
27,63,0.0006,2.00E+11
73,63,0.0006,2.00E+11
28,63,0.0006,2.00E+11
30,63,0.0006,2.00E+11
31,63,0.0006,2.00E+11
32,63,0.0006,2.00E+11
33,63,0.0006,2.00E+11
35,63,0.0006,2.00E+11
36,63,0.0006,2.00E+11
91,63,0.0006,2.00E+11
37,63,0.0006,2.00E+11
38,63,0.0006,2.00E+11
92,63,0.0006,2.00E+11
79,63,0.0006,2.00E+11
39,63,0.0006,2.00E+11
40,63,0.0006,2.00E+11
42,63,0.0006,2.00E+11
43,63,0.0006,2.00E+11
44,63,0.0006,2.00E+11
80,63,0.0006,2.00E+11
46,63,0.0006,2.00E+11
47,63,0.0006,2.00E+11
48,63,0.0006,2.00E+11
50,63,0.0006,2.00E+11
51,63,0.0006,2.00E+11
86,63,0.0006,2.00E+11
53,63,0.0006,2.00E+11
87,63,0.0006,2.00E+11
54,63,0.0006,2.00E+11
55,63,0.0006,2.00E+11
88,63,0.0006,2.00E+11
56,63,0.0006,2.00E+11
89,63,0.0006,2.00E+11
64,16,0.0006,2.00E+11
17,16,0.0006,2.00E+11
18,16,0.0006,2.00E+11
65,16,0.0006,2.00E+11
19,16,0.0006,2.00E+11
20,16,0.0006,2.00E+11
66,16,0.0006,2.00E+11
21,16,0.0006,2.00E+11
22,16,0.0006,2.00E+11
67,16,0.0006,2.00E+11
68,16,0.0006,2.00E+11
69,16,0.0006,2.00E+11
70,16,0.0006,2.00E+11
71,16,0.0006,2.00E+11
72,16,0.0006,2.00E+11
28,16,0.0006,2.00E+11
29,16,0.0006,2.00E+11
31,16,0.0006,2.00E+11
74,16,0.0006,2.00E+11
33,16,0.0006,2.00E+11
34,16,0.0006,2.00E+11
75,16,0.0006,2.00E+11
76,16,0.0006,2.00E+11
94,16,0.0006,2.00E+11
77,16,0.0006,2.00E+11
78,16,0.0006,2.00E+11
79,16,0.0006,2.00E+11
39,16,0.0006,2.00E+11
40,16,0.0006,2.00E+11
41,16,0.0006,2.00E+11
43,16,0.0006,2.00E+11
44,16,0.0006,2.00E+11
80,16,0.0006,2.00E+11
45,16,0.0006,2.00E+11
82,16,0.0006,2.00E+11
83,16,0.0006,2.00E+11
85,16,0.0006,2.00E+11
86,16,0.0006,2.00E+11
52,16,0.0006,2.00E+11
87,16,0.0006,2.00E+11
54,16,0.0006,2.00E+11
55,16,0.0006,2.00E+11
88,16,0.0006,2.00E+11
56,16,0.0006,2.00E+11
57,16,0.0006,2.00E+11
17,64,0.0006,2.00E+11
68,64,0.0006,2.00E+11
23,64,0.0006,2.00E+11
69,64,0.0006,2.00E+11
24,64,0.0006,2.00E+11
70,64,0.0006,2.00E+11
25,64,0.0006,2.00E+11
71,64,0.0006,2.00E+11
26,64,0.0006,2.00E+11
72,64,0.0006,2.00E+11
27,64,0.0006,2.00E+11
28,64,0.0006,2.00E+11
30,64,0.0006,2.00E+11
74,64,0.0006,2.00E+11
33,64,0.0006,2.00E+11
35,64,0.0006,2.00E+11
36,64,0.0006,2.00E+11
76,64,0.0006,2.00E+11
94,64,0.0006,2.00E+11
37,64,0.0006,2.00E+11
38,64,0.0006,2.00E+11
78,64,0.0006,2.00E+11
39,64,0.0006,2.00E+11
41,64,0.0006,2.00E+11
43,64,0.0006,2.00E+11
80,64,0.0006,2.00E+11
46,64,0.0006,2.00E+11
47,64,0.0006,2.00E+11
82,64,0.0006,2.00E+11
48,64,0.0006,2.00E+11
83,64,0.0006,2.00E+11
84,64,0.0006,2.00E+11
50,64,0.0006,2.00E+11
85,64,0.0006,2.00E+11
51,64,0.0006,2.00E+11
52,64,0.0006,2.00E+11
55,64,0.0006,2.00E+11
56,64,0.0006,2.00E+11
18,17,0.0006,2.00E+11
68,17,0.0006,2.00E+11
23,17,0.0006,2.00E+11
69,17,0.0006,2.00E+11
24,17,0.0006,2.00E+11
70,17,0.0006,2.00E+11
25,17,0.0006,2.00E+11
71,17,0.0006,2.00E+11
26,17,0.0006,2.00E+11
72,17,0.0006,2.00E+11
27,17,0.0006,2.00E+11
73,17,0.0006,2.00E+11
29,17,0.0006,2.00E+11
31,17,0.0006,2.00E+11
32,17,0.0006,2.00E+11
34,17,0.0006,2.00E+11
75,17,0.0006,2.00E+11
76,17,0.0006,2.00E+11
91,17,0.0006,2.00E+11
37,17,0.0006,2.00E+11
77,17,0.0006,2.00E+11
78,17,0.0006,2.00E+11
92,17,0.0006,2.00E+11
79,17,0.0006,2.00E+11
40,17,0.0006,2.00E+11
42,17,0.0006,2.00E+11
44,17,0.0006,2.00E+11
45,17,0.0006,2.00E+11
81,17,0.0006,2.00E+11
82,17,0.0006,2.00E+11
48,17,0.0006,2.00E+11
83,17,0.0006,2.00E+11
49,17,0.0006,2.00E+11
50,17,0.0006,2.00E+11
85,17,0.0006,2.00E+11
51,17,0.0006,2.00E+11
86,17,0.0006,2.00E+11
53,17,0.0006,2.00E+11
88,17,0.0006,2.00E+11
57,17,0.0006,2.00E+11
65,18,0.0006,2.00E+11
68,18,0.0006,2.00E+11
23,18,0.0006,2.00E+11
69,18,0.0006,2.00E+11
24,18,0.0006,2.00E+11
70,18,0.0006,2.00E+11
25,18,0.0006,2.00E+11
71,18,0.0006,2.00E+11
26,18,0.0006,2.00E+11
72,18,0.0006,2.00E+11
27,18,0.0006,2.00E+11
28,18,0.0006,2.00E+11
30,18,0.0006,2.00E+11
74,18,0.0006,2.00E+11
33,18,0.0006,2.00E+11
35,18,0.0006,2.00E+11
75,18,0.0006,2.00E+11
36,18,0.0006,2.00E+11
91,18,0.0006,2.00E+11
94,18,0.0006,2.00E+11
77,18,0.0006,2.00E+11
38,18,0.0006,2.00E+11
92,18,0.0006,2.00E+11
39,18,0.0006,2.00E+11
41,18,0.0006,2.00E+11
43,18,0.0006,2.00E+11
80,18,0.0006,2.00E+11
46,18,0.0006,2.00E+11
81,18,0.0006,2.00E+11
47,18,0.0006,2.00E+11
48,18,0.0006,2.00E+11
83,18,0.0006,2.00E+11
49,18,0.0006,2.00E+11
84,18,0.0006,2.00E+11
85,18,0.0006,2.00E+11
51,18,0.0006,2.00E+11
52,18,0.0006,2.00E+11
87,18,0.0006,2.00E+11
56,18,0.0006,2.00E+11
89,18,0.0006,2.00E+11
19,65,0.0006,2.00E+11
68,65,0.0006,2.00E+11
23,65,0.0006,2.00E+11
69,65,0.0006,2.00E+11
24,65,0.0006,2.00E+11
70,65,0.0006,2.00E+11
25,65,0.0006,2.00E+11
71,65,0.0006,2.00E+11
26,65,0.0006,2.00E+11
72,65,0.0006,2.00E+11
27,65,0.0006,2.00E+11
73,65,0.0006,2.00E+11
29,65,0.0006,2.00E+11
31,65,0.0006,2.00E+11
32,65,0.0006,2.00E+11
34,65,0.0006,2.00E+11
36,65,0.0006,2.00E+11
76,65,0.0006,2.00E+11
94,65,0.0006,2.00E+11
37,65,0.0006,2.00E+11
38,65,0.0006,2.00E+11
78,65,0.0006,2.00E+11
79,65,0.0006,2.00E+11
40,65,0.0006,2.00E+11
42,65,0.0006,2.00E+11
44,65,0.0006,2.00E+11
45,65,0.0006,2.00E+11
81,65,0.0006,2.00E+11
47,65,0.0006,2.00E+11
82,65,0.0006,2.00E+11
83,65,0.0006,2.00E+11
49,65,0.0006,2.00E+11
84,65,0.0006,2.00E+11
50,65,0.0006,2.00E+11
51,65,0.0006,2.00E+11
53,65,0.0006,2.00E+11
54,65,0.0006,2.00E+11
57,65,0.0006,2.00E+11
20,19,0.0006,2.00E+11
68,19,0.0006,2.00E+11
23,19,0.0006,2.00E+11
69,19,0.0006,2.00E+11
24,19,0.0006,2.00E+11
70,19,0.0006,2.00E+11
25,19,0.0006,2.00E+11
71,19,0.0006,2.00E+11
26,19,0.0006,2.00E+11
72,19,0.0006,2.00E+11
27,19,0.0006,2.00E+11
28,19,0.0006,2.00E+11
30,19,0.0006,2.00E+11
74,19,0.0006,2.00E+11
33,19,0.0006,2.00E+11
35,19,0.0006,2.00E+11
75,19,0.0006,2.00E+11
76,19,0.0006,2.00E+11
91,19,0.0006,2.00E+11
37,19,0.0006,2.00E+11
77,19,0.0006,2.00E+11
78,19,0.0006,2.00E+11
92,19,0.0006,2.00E+11
39,19,0.0006,2.00E+11
41,19,0.0006,2.00E+11
43,19,0.0006,2.00E+11
80,19,0.0006,2.00E+11
46,19,0.0006,2.00E+11
81,19,0.0006,2.00E+11
47,19,0.0006,2.00E+11
82,19,0.0006,2.00E+11
48,19,0.0006,2.00E+11
49,19,0.0006,2.00E+11
84,19,0.0006,2.00E+11
50,19,0.0006,2.00E+11
85,19,0.0006,2.00E+11
87,19,0.0006,2.00E+11
55,19,0.0006,2.00E+11
89,19,0.0006,2.00E+11
66,20,0.0006,2.00E+11
68,20,0.0006,2.00E+11
23,20,0.0006,2.00E+11
69,20,0.0006,2.00E+11
24,20,0.0006,2.00E+11
70,20,0.0006,2.00E+11
25,20,0.0006,2.00E+11
71,20,0.0006,2.00E+11
26,20,0.0006,2.00E+11
72,20,0.0006,2.00E+11
27,20,0.0006,2.00E+11
73,20,0.0006,2.00E+11
29,20,0.0006,2.00E+11
31,20,0.0006,2.00E+11
32,20,0.0006,2.00E+11
34,20,0.0006,2.00E+11
75,20,0.0006,2.00E+11
36,20,0.0006,2.00E+11
91,20,0.0006,2.00E+11
94,20,0.0006,2.00E+11
77,20,0.0006,2.00E+11
38,20,0.0006,2.00E+11
92,20,0.0006,2.00E+11
79,20,0.0006,2.00E+11
40,20,0.0006,2.00E+11
42,20,0.0006,2.00E+11
44,20,0.0006,2.00E+11
45,20,0.0006,2.00E+11
47,20,0.0006,2.00E+11
82,20,0.0006,2.00E+11
48,20,0.0006,2.00E+11
83,20,0.0006,2.00E+11
84,20,0.0006,2.00E+11
50,20,0.0006,2.00E+11
85,20,0.0006,2.00E+11
51,20,0.0006,2.00E+11
86,20,0.0006,2.00E+11
54,20,0.0006,2.00E+11
88,20,0.0006,2.00E+11
21,66,0.0006,2.00E+11
68,66,0.0006,2.00E+11
23,66,0.0006,2.00E+11
69,66,0.0006,2.00E+11
24,66,0.0006,2.00E+11
70,66,0.0006,2.00E+11
25,66,0.0006,2.00E+11
71,66,0.0006,2.00E+11
26,66,0.0006,2.00E+11
72,66,0.0006,2.00E+11
27,66,0.0006,2.00E+11
28,66,0.0006,2.00E+11
30,66,0.0006,2.00E+11
74,66,0.0006,2.00E+11
33,66,0.0006,2.00E+11
35,66,0.0006,2.00E+11
36,66,0.0006,2.00E+11
76,66,0.0006,2.00E+11
94,66,0.0006,2.00E+11
37,66,0.0006,2.00E+11
38,66,0.0006,2.00E+11
78,66,0.0006,2.00E+11
39,66,0.0006,2.00E+11
41,66,0.0006,2.00E+11
43,66,0.0006,2.00E+11
80,66,0.0006,2.00E+11
46,66,0.0006,2.00E+11
81,66,0.0006,2.00E+11
82,66,0.0006,2.00E+11
48,66,0.0006,2.00E+11
83,66,0.0006,2.00E+11
49,66,0.0006,2.00E+11
50,66,0.0006,2.00E+11
85,66,0.0006,2.00E+11
51,66,0.0006,2.00E+11
52,66,0.0006,2.00E+11
55,66,0.0006,2.00E+11
56,66,0.0006,2.00E+11
22,21,0.0006,2.00E+11
68,21,0.0006,2.00E+11
23,21,0.0006,2.00E+11
69,21,0.0006,2.00E+11
24,21,0.0006,2.00E+11
70,21,0.0006,2.00E+11
25,21,0.0006,2.00E+11
71,21,0.0006,2.00E+11
26,21,0.0006,2.00E+11
72,21,0.0006,2.00E+11
27,21,0.0006,2.00E+11
73,21,0.0006,2.00E+11
29,21,0.0006,2.00E+11
31,21,0.0006,2.00E+11
32,21,0.0006,2.00E+11
34,21,0.0006,2.00E+11
75,21,0.0006,2.00E+11
76,21,0.0006,2.00E+11
91,21,0.0006,2.00E+11
37,21,0.0006,2.00E+11
77,21,0.0006,2.00E+11
78,21,0.0006,2.00E+11
92,21,0.0006,2.00E+11
79,21,0.0006,2.00E+11
40,21,0.0006,2.00E+11
42,21,0.0006,2.00E+11
44,21,0.0006,2.00E+11
45,21,0.0006,2.00E+11
81,21,0.0006,2.00E+11
47,21,0.0006,2.00E+11
48,21,0.0006,2.00E+11
83,21,0.0006,2.00E+11
49,21,0.0006,2.00E+11
84,21,0.0006,2.00E+11
85,21,0.0006,2.00E+11
51,21,0.0006,2.00E+11
86,21,0.0006,2.00E+11
53,21,0.0006,2.00E+11
88,21,0.0006,2.00E+11
57,21,0.0006,2.00E+11
67,22,0.0006,2.00E+11
68,22,0.0006,2.00E+11
23,22,0.0006,2.00E+11
69,22,0.0006,2.00E+11
24,22,0.0006,2.00E+11
70,22,0.0006,2.00E+11
25,22,0.0006,2.00E+11
71,22,0.0006,2.00E+11
26,22,0.0006,2.00E+11
72,22,0.0006,2.00E+11
27,22,0.0006,2.00E+11
28,22,0.0006,2.00E+11
30,22,0.0006,2.00E+11
74,22,0.0006,2.00E+11
33,22,0.0006,2.00E+11
35,22,0.0006,2.00E+11
75,22,0.0006,2.00E+11
36,22,0.0006,2.00E+11
91,22,0.0006,2.00E+11
94,22,0.0006,2.00E+11
77,22,0.0006,2.00E+11
38,22,0.0006,2.00E+11
92,22,0.0006,2.00E+11
39,22,0.0006,2.00E+11
41,22,0.0006,2.00E+11
43,22,0.0006,2.00E+11
80,22,0.0006,2.00E+11
46,22,0.0006,2.00E+11
81,22,0.0006,2.00E+11
47,22,0.0006,2.00E+11
82,22,0.0006,2.00E+11
83,22,0.0006,2.00E+11
49,22,0.0006,2.00E+11
84,22,0.0006,2.00E+11
50,22,0.0006,2.00E+11
51,22,0.0006,2.00E+11
52,22,0.0006,2.00E+11
87,22,0.0006,2.00E+11
56,22,0.0006,2.00E+11
89,22,0.0006,2.00E+11
68,67,0.0006,2.00E+11
23,67,0.0006,2.00E+11
69,67,0.0006,2.00E+11
24,67,0.0006,2.00E+11
70,67,0.0006,2.00E+11
25,67,0.0006,2.00E+11
71,67,0.0006,2.00E+11
26,67,0.0006,2.00E+11
72,67,0.0006,2.00E+11
27,67,0.0006,2.00E+11
73,67,0.0006,2.00E+11
29,67,0.0006,2.00E+11
31,67,0.0006,2.00E+11
32,67,0.0006,2.00E+11
34,67,0.0006,2.00E+11
36,67,0.0006,2.00E+11
76,67,0.0006,2.00E+11
94,67,0.0006,2.00E+11
37,67,0.0006,2.00E+11
38,67,0.0006,2.00E+11
78,67,0.0006,2.00E+11
79,67,0.0006,2.00E+11
40,67,0.0006,2.00E+11
42,67,0.0006,2.00E+11
44,67,0.0006,2.00E+11
45,67,0.0006,2.00E+11
81,67,0.0006,2.00E+11
47,67,0.0006,2.00E+11
82,67,0.0006,2.00E+11
48,67,0.0006,2.00E+11
49,67,0.0006,2.00E+11
84,67,0.0006,2.00E+11
50,67,0.0006,2.00E+11
85,67,0.0006,2.00E+11
53,67,0.0006,2.00E+11
54,67,0.0006,2.00E+11
57,67,0.0006,2.00E+11
23,68,0.0006,2.00E+11
73,68,0.0006,2.00E+11
28,68,0.0006,2.00E+11
29,68,0.0006,2.00E+11
30,68,0.0006,2.00E+11
31,68,0.0006,2.00E+11
74,68,0.0006,2.00E+11
32,68,0.0006,2.00E+11
33,68,0.0006,2.00E+11
34,68,0.0006,2.00E+11
35,68,0.0006,2.00E+11
36,68,0.0006,2.00E+11
91,68,0.0006,2.00E+11
37,68,0.0006,2.00E+11
38,68,0.0006,2.00E+11
92,68,0.0006,2.00E+11
39,68,0.0006,2.00E+11
40,68,0.0006,2.00E+11
42,68,0.0006,2.00E+11
43,68,0.0006,2.00E+11
80,68,0.0006,2.00E+11
45,68,0.0006,2.00E+11
47,68,0.0006,2.00E+11
48,68,0.0006,2.00E+11
49,68,0.0006,2.00E+11
50,68,0.0006,2.00E+11
51,68,0.0006,2.00E+11
52,68,0.0006,2.00E+11
53,68,0.0006,2.00E+11
87,68,0.0006,2.00E+11
54,68,0.0006,2.00E+11
88,68,0.0006,2.00E+11
56,68,0.0006,2.00E+11
57,68,0.0006,2.00E+11
89,68,0.0006,2.00E+11
69,23,0.0006,2.00E+11
73,23,0.0006,2.00E+11
28,23,0.0006,2.00E+11
29,23,0.0006,2.00E+11
30,23,0.0006,2.00E+11
31,23,0.0006,2.00E+11
74,23,0.0006,2.00E+11
32,23,0.0006,2.00E+11
33,23,0.0006,2.00E+11
34,23,0.0006,2.00E+11
35,23,0.0006,2.00E+11
75,23,0.0006,2.00E+11
76,23,0.0006,2.00E+11
94,23,0.0006,2.00E+11
77,23,0.0006,2.00E+11
78,23,0.0006,2.00E+11
79,23,0.0006,2.00E+11
40,23,0.0006,2.00E+11
41,23,0.0006,2.00E+11
43,23,0.0006,2.00E+11
44,23,0.0006,2.00E+11
45,23,0.0006,2.00E+11
46,23,0.0006,2.00E+11
81,23,0.0006,2.00E+11
82,23,0.0006,2.00E+11
83,23,0.0006,2.00E+11
84,23,0.0006,2.00E+11
85,23,0.0006,2.00E+11
86,23,0.0006,2.00E+11
53,23,0.0006,2.00E+11
87,23,0.0006,2.00E+11
54,23,0.0006,2.00E+11
55,23,0.0006,2.00E+11
56,23,0.0006,2.00E+11
57,23,0.0006,2.00E+11
89,23,0.0006,2.00E+11
24,69,0.0006,2.00E+11
73,69,0.0006,2.00E+11
28,69,0.0006,2.00E+11
29,69,0.0006,2.00E+11
30,69,0.0006,2.00E+11
31,69,0.0006,2.00E+11
74,69,0.0006,2.00E+11
32,69,0.0006,2.00E+11
33,69,0.0006,2.00E+11
34,69,0.0006,2.00E+11
35,69,0.0006,2.00E+11
36,69,0.0006,2.00E+11
91,69,0.0006,2.00E+11
37,69,0.0006,2.00E+11
38,69,0.0006,2.00E+11
92,69,0.0006,2.00E+11
79,69,0.0006,2.00E+11
39,69,0.0006,2.00E+11
41,69,0.0006,2.00E+11
42,69,0.0006,2.00E+11
44,69,0.0006,2.00E+11
80,69,0.0006,2.00E+11
46,69,0.0006,2.00E+11
47,69,0.0006,2.00E+11
48,69,0.0006,2.00E+11
49,69,0.0006,2.00E+11
50,69,0.0006,2.00E+11
51,69,0.0006,2.00E+11
86,69,0.0006,2.00E+11
52,69,0.0006,2.00E+11
87,69,0.0006,2.00E+11
54,69,0.0006,2.00E+11
55,69,0.0006,2.00E+11
88,69,0.0006,2.00E+11
57,69,0.0006,2.00E+11
89,69,0.0006,2.00E+11
70,24,0.0006,2.00E+11
73,24,0.0006,2.00E+11
28,24,0.0006,2.00E+11
29,24,0.0006,2.00E+11
30,24,0.0006,2.00E+11
31,24,0.0006,2.00E+11
74,24,0.0006,2.00E+11
32,24,0.0006,2.00E+11
33,24,0.0006,2.00E+11
34,24,0.0006,2.00E+11
35,24,0.0006,2.00E+11
75,24,0.0006,2.00E+11
76,24,0.0006,2.00E+11
94,24,0.0006,2.00E+11
77,24,0.0006,2.00E+11
78,24,0.0006,2.00E+11
39,24,0.0006,2.00E+11
40,24,0.0006,2.00E+11
42,24,0.0006,2.00E+11
43,24,0.0006,2.00E+11
80,24,0.0006,2.00E+11
45,24,0.0006,2.00E+11
81,24,0.0006,2.00E+11
82,24,0.0006,2.00E+11
83,24,0.0006,2.00E+11
84,24,0.0006,2.00E+11
85,24,0.0006,2.00E+11
86,24,0.0006,2.00E+11
52,24,0.0006,2.00E+11
53,24,0.0006,2.00E+11
54,24,0.0006,2.00E+11
55,24,0.0006,2.00E+11
88,24,0.0006,2.00E+11
56,24,0.0006,2.00E+11
89,24,0.0006,2.00E+11
25,70,0.0006,2.00E+11
73,70,0.0006,2.00E+11
28,70,0.0006,2.00E+11
29,70,0.0006,2.00E+11
30,70,0.0006,2.00E+11
31,70,0.0006,2.00E+11
74,70,0.0006,2.00E+11
32,70,0.0006,2.00E+11
33,70,0.0006,2.00E+11
34,70,0.0006,2.00E+11
35,70,0.0006,2.00E+11
36,70,0.0006,2.00E+11
91,70,0.0006,2.00E+11
37,70,0.0006,2.00E+11
38,70,0.0006,2.00E+11
92,70,0.0006,2.00E+11
79,70,0.0006,2.00E+11
40,70,0.0006,2.00E+11
41,70,0.0006,2.00E+11
43,70,0.0006,2.00E+11
44,70,0.0006,2.00E+11
45,70,0.0006,2.00E+11
46,70,0.0006,2.00E+11
47,70,0.0006,2.00E+11
48,70,0.0006,2.00E+11
49,70,0.0006,2.00E+11
50,70,0.0006,2.00E+11
51,70,0.0006,2.00E+11
86,70,0.0006,2.00E+11
52,70,0.0006,2.00E+11
53,70,0.0006,2.00E+11
87,70,0.0006,2.00E+11
55,70,0.0006,2.00E+11
88,70,0.0006,2.00E+11
56,70,0.0006,2.00E+11
57,70,0.0006,2.00E+11
71,25,0.0006,2.00E+11
73,25,0.0006,2.00E+11
28,25,0.0006,2.00E+11
29,25,0.0006,2.00E+11
30,25,0.0006,2.00E+11
31,25,0.0006,2.00E+11
74,25,0.0006,2.00E+11
32,25,0.0006,2.00E+11
33,25,0.0006,2.00E+11
34,25,0.0006,2.00E+11
35,25,0.0006,2.00E+11
75,25,0.0006,2.00E+11
76,25,0.0006,2.00E+11
94,25,0.0006,2.00E+11
77,25,0.0006,2.00E+11
78,25,0.0006,2.00E+11
79,25,0.0006,2.00E+11
39,25,0.0006,2.00E+11
41,25,0.0006,2.00E+11
42,25,0.0006,2.00E+11
44,25,0.0006,2.00E+11
80,25,0.0006,2.00E+11
46,25,0.0006,2.00E+11
81,25,0.0006,2.00E+11
82,25,0.0006,2.00E+11
83,25,0.0006,2.00E+11
84,25,0.0006,2.00E+11
85,25,0.0006,2.00E+11
52,25,0.0006,2.00E+11
53,25,0.0006,2.00E+11
87,25,0.0006,2.00E+11
54,25,0.0006,2.00E+11
88,25,0.0006,2.00E+11
56,25,0.0006,2.00E+11
57,25,0.0006,2.00E+11
89,25,0.0006,2.00E+11
26,71,0.0006,2.00E+11
73,71,0.0006,2.00E+11
28,71,0.0006,2.00E+11
29,71,0.0006,2.00E+11
30,71,0.0006,2.00E+11
31,71,0.0006,2.00E+11
74,71,0.0006,2.00E+11
32,71,0.0006,2.00E+11
33,71,0.0006,2.00E+11
34,71,0.0006,2.00E+11
35,71,0.0006,2.00E+11
36,71,0.0006,2.00E+11
91,71,0.0006,2.00E+11
37,71,0.0006,2.00E+11
38,71,0.0006,2.00E+11
92,71,0.0006,2.00E+11
39,71,0.0006,2.00E+11
40,71,0.0006,2.00E+11
42,71,0.0006,2.00E+11
43,71,0.0006,2.00E+11
80,71,0.0006,2.00E+11
45,71,0.0006,2.00E+11
47,71,0.0006,2.00E+11
48,71,0.0006,2.00E+11
49,71,0.0006,2.00E+11
50,71,0.0006,2.00E+11
51,71,0.0006,2.00E+11
86,71,0.0006,2.00E+11
53,71,0.0006,2.00E+11
87,71,0.0006,2.00E+11
54,71,0.0006,2.00E+11
55,71,0.0006,2.00E+11
56,71,0.0006,2.00E+11
57,71,0.0006,2.00E+11
89,71,0.0006,2.00E+11
72,26,0.0006,2.00E+11
73,26,0.0006,2.00E+11
28,26,0.0006,2.00E+11
29,26,0.0006,2.00E+11
30,26,0.0006,2.00E+11
31,26,0.0006,2.00E+11
74,26,0.0006,2.00E+11
32,26,0.0006,2.00E+11
33,26,0.0006,2.00E+11
34,26,0.0006,2.00E+11
35,26,0.0006,2.00E+11
75,26,0.0006,2.00E+11
76,26,0.0006,2.00E+11
94,26,0.0006,2.00E+11
77,26,0.0006,2.00E+11
78,26,0.0006,2.00E+11
79,26,0.0006,2.00E+11
40,26,0.0006,2.00E+11
41,26,0.0006,2.00E+11
43,26,0.0006,2.00E+11
44,26,0.0006,2.00E+11
45,26,0.0006,2.00E+11
46,26,0.0006,2.00E+11
81,26,0.0006,2.00E+11
82,26,0.0006,2.00E+11
83,26,0.0006,2.00E+11
84,26,0.0006,2.00E+11
85,26,0.0006,2.00E+11
86,26,0.0006,2.00E+11
52,26,0.0006,2.00E+11
87,26,0.0006,2.00E+11
54,26,0.0006,2.00E+11
55,26,0.0006,2.00E+11
88,26,0.0006,2.00E+11
57,26,0.0006,2.00E+11
89,26,0.0006,2.00E+11
27,72,0.0006,2.00E+11
73,72,0.0006,2.00E+11
28,72,0.0006,2.00E+11
29,72,0.0006,2.00E+11
30,72,0.0006,2.00E+11
31,72,0.0006,2.00E+11
74,72,0.0006,2.00E+11
32,72,0.0006,2.00E+11
33,72,0.0006,2.00E+11
34,72,0.0006,2.00E+11
35,72,0.0006,2.00E+11
36,72,0.0006,2.00E+11
91,72,0.0006,2.00E+11
37,72,0.0006,2.00E+11
38,72,0.0006,2.00E+11
92,72,0.0006,2.00E+11
79,72,0.0006,2.00E+11
39,72,0.0006,2.00E+11
41,72,0.0006,2.00E+11
42,72,0.0006,2.00E+11
44,72,0.0006,2.00E+11
80,72,0.0006,2.00E+11
46,72,0.0006,2.00E+11
47,72,0.0006,2.00E+11
48,72,0.0006,2.00E+11
49,72,0.0006,2.00E+11
50,72,0.0006,2.00E+11
51,72,0.0006,2.00E+11
86,72,0.0006,2.00E+11
52,72,0.0006,2.00E+11
53,72,0.0006,2.00E+11
54,72,0.0006,2.00E+11
55,72,0.0006,2.00E+11
88,72,0.0006,2.00E+11
56,72,0.0006,2.00E+11
89,72,0.0006,2.00E+11
73,27,0.0006,2.00E+11
28,27,0.0006,2.00E+11
29,27,0.0006,2.00E+11
30,27,0.0006,2.00E+11
31,27,0.0006,2.00E+11
74,27,0.0006,2.00E+11
32,27,0.0006,2.00E+11
33,27,0.0006,2.00E+11
34,27,0.0006,2.00E+11
35,27,0.0006,2.00E+11
75,27,0.0006,2.00E+11
76,27,0.0006,2.00E+11
94,27,0.0006,2.00E+11
77,27,0.0006,2.00E+11
78,27,0.0006,2.00E+11
39,27,0.0006,2.00E+11
40,27,0.0006,2.00E+11
42,27,0.0006,2.00E+11
43,27,0.0006,2.00E+11
80,27,0.0006,2.00E+11
45,27,0.0006,2.00E+11
81,27,0.0006,2.00E+11
82,27,0.0006,2.00E+11
83,27,0.0006,2.00E+11
84,27,0.0006,2.00E+11
85,27,0.0006,2.00E+11
86,27,0.0006,2.00E+11
52,27,0.0006,2.00E+11
53,27,0.0006,2.00E+11
87,27,0.0006,2.00E+11
55,27,0.0006,2.00E+11
88,27,0.0006,2.00E+11
56,27,0.0006,2.00E+11
57,27,0.0006,2.00E+11
28,73,0.0006,2.00E+11
75,73,0.0006,2.00E+11
36,73,0.0006,2.00E+11
76,73,0.0006,2.00E+11
91,73,0.0006,2.00E+11
94,73,0.0006,2.00E+11
37,73,0.0006,2.00E+11
77,73,0.0006,2.00E+11
38,73,0.0006,2.00E+11
78,73,0.0006,2.00E+11
92,73,0.0006,2.00E+11
39,73,0.0006,2.00E+11
41,73,0.0006,2.00E+11
43,73,0.0006,2.00E+11
80,73,0.0006,2.00E+11
46,73,0.0006,2.00E+11
47,73,0.0006,2.00E+11
82,73,0.0006,2.00E+11
83,73,0.0006,2.00E+11
49,73,0.0006,2.00E+11
50,73,0.0006,2.00E+11
85,73,0.0006,2.00E+11
52,73,0.0006,2.00E+11
87,73,0.0006,2.00E+11
55,73,0.0006,2.00E+11
56,73,0.0006,2.00E+11
89,73,0.0006,2.00E+11
29,28,0.0006,2.00E+11
75,28,0.0006,2.00E+11
36,28,0.0006,2.00E+11
76,28,0.0006,2.00E+11
91,28,0.0006,2.00E+11
94,28,0.0006,2.00E+11
37,28,0.0006,2.00E+11
77,28,0.0006,2.00E+11
38,28,0.0006,2.00E+11
78,28,0.0006,2.00E+11
92,28,0.0006,2.00E+11
79,28,0.0006,2.00E+11
40,28,0.0006,2.00E+11
42,28,0.0006,2.00E+11
44,28,0.0006,2.00E+11
45,28,0.0006,2.00E+11
81,28,0.0006,2.00E+11
82,28,0.0006,2.00E+11
48,28,0.0006,2.00E+11
49,28,0.0006,2.00E+11
84,28,0.0006,2.00E+11
85,28,0.0006,2.00E+11
51,28,0.0006,2.00E+11
86,28,0.0006,2.00E+11
53,28,0.0006,2.00E+11
54,28,0.0006,2.00E+11
88,28,0.0006,2.00E+11
57,28,0.0006,2.00E+11
30,29,0.0006,2.00E+11
75,29,0.0006,2.00E+11
36,29,0.0006,2.00E+11
76,29,0.0006,2.00E+11
91,29,0.0006,2.00E+11
94,29,0.0006,2.00E+11
37,29,0.0006,2.00E+11
77,29,0.0006,2.00E+11
38,29,0.0006,2.00E+11
78,29,0.0006,2.00E+11
92,29,0.0006,2.00E+11
39,29,0.0006,2.00E+11
41,29,0.0006,2.00E+11
43,29,0.0006,2.00E+11
80,29,0.0006,2.00E+11
46,29,0.0006,2.00E+11
81,29,0.0006,2.00E+11
47,29,0.0006,2.00E+11
48,29,0.0006,2.00E+11
83,29,0.0006,2.00E+11
84,29,0.0006,2.00E+11
50,29,0.0006,2.00E+11
51,29,0.0006,2.00E+11
52,29,0.0006,2.00E+11
87,29,0.0006,2.00E+11
55,29,0.0006,2.00E+11
56,29,0.0006,2.00E+11
89,29,0.0006,2.00E+11
31,30,0.0006,2.00E+11
75,30,0.0006,2.00E+11
36,30,0.0006,2.00E+11
76,30,0.0006,2.00E+11
91,30,0.0006,2.00E+11
94,30,0.0006,2.00E+11
37,30,0.0006,2.00E+11
77,30,0.0006,2.00E+11
38,30,0.0006,2.00E+11
78,30,0.0006,2.00E+11
92,30,0.0006,2.00E+11
79,30,0.0006,2.00E+11
40,30,0.0006,2.00E+11
42,30,0.0006,2.00E+11
44,30,0.0006,2.00E+11
45,30,0.0006,2.00E+11
47,30,0.0006,2.00E+11
82,30,0.0006,2.00E+11
83,30,0.0006,2.00E+11
49,30,0.0006,2.00E+11
50,30,0.0006,2.00E+11
85,30,0.0006,2.00E+11
86,30,0.0006,2.00E+11
53,30,0.0006,2.00E+11
54,30,0.0006,2.00E+11
88,30,0.0006,2.00E+11
57,30,0.0006,2.00E+11
74,31,0.0006,2.00E+11
75,31,0.0006,2.00E+11
36,31,0.0006,2.00E+11
76,31,0.0006,2.00E+11
91,31,0.0006,2.00E+11
94,31,0.0006,2.00E+11
37,31,0.0006,2.00E+11
77,31,0.0006,2.00E+11
38,31,0.0006,2.00E+11
78,31,0.0006,2.00E+11
92,31,0.0006,2.00E+11
39,31,0.0006,2.00E+11
41,31,0.0006,2.00E+11
43,31,0.0006,2.00E+11
80,31,0.0006,2.00E+11
46,31,0.0006,2.00E+11
81,31,0.0006,2.00E+11
82,31,0.0006,2.00E+11
48,31,0.0006,2.00E+11
49,31,0.0006,2.00E+11
84,31,0.0006,2.00E+11
85,31,0.0006,2.00E+11
51,31,0.0006,2.00E+11
52,31,0.0006,2.00E+11
87,31,0.0006,2.00E+11
55,31,0.0006,2.00E+11
56,31,0.0006,2.00E+11
89,31,0.0006,2.00E+11
32,74,0.0006,2.00E+11
75,74,0.0006,2.00E+11
36,74,0.0006,2.00E+11
76,74,0.0006,2.00E+11
91,74,0.0006,2.00E+11
94,74,0.0006,2.00E+11
37,74,0.0006,2.00E+11
77,74,0.0006,2.00E+11
38,74,0.0006,2.00E+11
78,74,0.0006,2.00E+11
92,74,0.0006,2.00E+11
79,74,0.0006,2.00E+11
40,74,0.0006,2.00E+11
42,74,0.0006,2.00E+11
44,74,0.0006,2.00E+11
45,74,0.0006,2.00E+11
81,74,0.0006,2.00E+11
47,74,0.0006,2.00E+11
48,74,0.0006,2.00E+11
83,74,0.0006,2.00E+11
84,74,0.0006,2.00E+11
50,74,0.0006,2.00E+11
51,74,0.0006,2.00E+11
86,74,0.0006,2.00E+11
53,74,0.0006,2.00E+11
54,74,0.0006,2.00E+11
88,74,0.0006,2.00E+11
57,74,0.0006,2.00E+11
33,32,0.0006,2.00E+11
75,32,0.0006,2.00E+11
36,32,0.0006,2.00E+11
76,32,0.0006,2.00E+11
91,32,0.0006,2.00E+11
94,32,0.0006,2.00E+11
37,32,0.0006,2.00E+11
77,32,0.0006,2.00E+11
38,32,0.0006,2.00E+11
78,32,0.0006,2.00E+11
92,32,0.0006,2.00E+11
39,32,0.0006,2.00E+11
41,32,0.0006,2.00E+11
43,32,0.0006,2.00E+11
80,32,0.0006,2.00E+11
46,32,0.0006,2.00E+11
47,32,0.0006,2.00E+11
82,32,0.0006,2.00E+11
83,32,0.0006,2.00E+11
49,32,0.0006,2.00E+11
50,32,0.0006,2.00E+11
85,32,0.0006,2.00E+11
52,32,0.0006,2.00E+11
87,32,0.0006,2.00E+11
55,32,0.0006,2.00E+11
56,32,0.0006,2.00E+11
89,32,0.0006,2.00E+11
34,33,0.0006,2.00E+11
75,33,0.0006,2.00E+11
36,33,0.0006,2.00E+11
76,33,0.0006,2.00E+11
91,33,0.0006,2.00E+11
94,33,0.0006,2.00E+11
37,33,0.0006,2.00E+11
77,33,0.0006,2.00E+11
38,33,0.0006,2.00E+11
78,33,0.0006,2.00E+11
92,33,0.0006,2.00E+11
79,33,0.0006,2.00E+11
40,33,0.0006,2.00E+11
42,33,0.0006,2.00E+11
44,33,0.0006,2.00E+11
45,33,0.0006,2.00E+11
81,33,0.0006,2.00E+11
82,33,0.0006,2.00E+11
48,33,0.0006,2.00E+11
49,33,0.0006,2.00E+11
84,33,0.0006,2.00E+11
85,33,0.0006,2.00E+11
51,33,0.0006,2.00E+11
86,33,0.0006,2.00E+11
53,33,0.0006,2.00E+11
54,33,0.0006,2.00E+11
88,33,0.0006,2.00E+11
57,33,0.0006,2.00E+11
35,34,0.0006,2.00E+11
75,34,0.0006,2.00E+11
36,34,0.0006,2.00E+11
76,34,0.0006,2.00E+11
91,34,0.0006,2.00E+11
94,34,0.0006,2.00E+11
37,34,0.0006,2.00E+11
77,34,0.0006,2.00E+11
38,34,0.0006,2.00E+11
78,34,0.0006,2.00E+11
92,34,0.0006,2.00E+11
39,34,0.0006,2.00E+11
41,34,0.0006,2.00E+11
43,34,0.0006,2.00E+11
80,34,0.0006,2.00E+11
46,34,0.0006,2.00E+11
81,34,0.0006,2.00E+11
47,34,0.0006,2.00E+11
48,34,0.0006,2.00E+11
83,34,0.0006,2.00E+11
84,34,0.0006,2.00E+11
50,34,0.0006,2.00E+11
51,34,0.0006,2.00E+11
52,34,0.0006,2.00E+11
87,34,0.0006,2.00E+11
55,34,0.0006,2.00E+11
56,34,0.0006,2.00E+11
89,34,0.0006,2.00E+11
75,35,0.0006,2.00E+11
36,35,0.0006,2.00E+11
76,35,0.0006,2.00E+11
91,35,0.0006,2.00E+11
94,35,0.0006,2.00E+11
37,35,0.0006,2.00E+11
77,35,0.0006,2.00E+11
38,35,0.0006,2.00E+11
78,35,0.0006,2.00E+11
92,35,0.0006,2.00E+11
79,35,0.0006,2.00E+11
40,35,0.0006,2.00E+11
42,35,0.0006,2.00E+11
44,35,0.0006,2.00E+11
45,35,0.0006,2.00E+11
47,35,0.0006,2.00E+11
82,35,0.0006,2.00E+11
83,35,0.0006,2.00E+11
49,35,0.0006,2.00E+11
50,35,0.0006,2.00E+11
85,35,0.0006,2.00E+11
86,35,0.0006,2.00E+11
53,35,0.0006,2.00E+11
54,35,0.0006,2.00E+11
88,35,0.0006,2.00E+11
57,35,0.0006,2.00E+11
36,75,0.0006,2.00E+11
79,75,0.0006,2.00E+11
39,75,0.0006,2.00E+11
40,75,0.0006,2.00E+11
41,75,0.0006,2.00E+11
42,75,0.0006,2.00E+11
43,75,0.0006,2.00E+11
44,75,0.0006,2.00E+11
80,75,0.0006,2.00E+11
45,75,0.0006,2.00E+11
46,75,0.0006,2.00E+11
47,75,0.0006,2.00E+11
48,75,0.0006,2.00E+11
49,75,0.0006,2.00E+11
50,75,0.0006,2.00E+11
51,75,0.0006,2.00E+11
52,75,0.0006,2.00E+11
53,75,0.0006,2.00E+11
54,75,0.0006,2.00E+11
55,75,0.0006,2.00E+11
56,75,0.0006,2.00E+11
57,75,0.0006,2.00E+11
76,36,0.0006,2.00E+11
79,36,0.0006,2.00E+11
39,36,0.0006,2.00E+11
40,36,0.0006,2.00E+11
41,36,0.0006,2.00E+11
42,36,0.0006,2.00E+11
43,36,0.0006,2.00E+11
44,36,0.0006,2.00E+11
80,36,0.0006,2.00E+11
45,36,0.0006,2.00E+11
46,36,0.0006,2.00E+11
81,36,0.0006,2.00E+11
82,36,0.0006,2.00E+11
83,36,0.0006,2.00E+11
84,36,0.0006,2.00E+11
85,36,0.0006,2.00E+11
86,36,0.0006,2.00E+11
53,36,0.0006,2.00E+11
87,36,0.0006,2.00E+11
55,36,0.0006,2.00E+11
88,36,0.0006,2.00E+11
57,36,0.0006,2.00E+11
89,36,0.0006,2.00E+11
91,76,0.0006,2.00E+11
79,76,0.0006,2.00E+11
39,76,0.0006,2.00E+11
40,76,0.0006,2.00E+11
41,76,0.0006,2.00E+11
42,76,0.0006,2.00E+11
43,76,0.0006,2.00E+11
44,76,0.0006,2.00E+11
80,76,0.0006,2.00E+11
45,76,0.0006,2.00E+11
46,76,0.0006,2.00E+11
47,76,0.0006,2.00E+11
48,76,0.0006,2.00E+11
49,76,0.0006,2.00E+11
50,76,0.0006,2.00E+11
51,76,0.0006,2.00E+11
86,76,0.0006,2.00E+11
52,76,0.0006,2.00E+11
87,76,0.0006,2.00E+11
54,76,0.0006,2.00E+11
88,76,0.0006,2.00E+11
56,76,0.0006,2.00E+11
89,76,0.0006,2.00E+11
94,91,0.0006,2.00E+11
79,91,0.0006,2.00E+11
39,91,0.0006,2.00E+11
40,91,0.0006,2.00E+11
41,91,0.0006,2.00E+11
42,91,0.0006,2.00E+11
43,91,0.0006,2.00E+11
44,91,0.0006,2.00E+11
80,91,0.0006,2.00E+11
45,91,0.0006,2.00E+11
46,91,0.0006,2.00E+11
81,91,0.0006,2.00E+11
82,91,0.0006,2.00E+11
83,91,0.0006,2.00E+11
84,91,0.0006,2.00E+11
85,91,0.0006,2.00E+11
52,91,0.0006,2.00E+11
53,91,0.0006,2.00E+11
54,91,0.0006,2.00E+11
55,91,0.0006,2.00E+11
56,91,0.0006,2.00E+11
57,91,0.0006,2.00E+11
37,94,0.0006,2.00E+11
79,94,0.0006,2.00E+11
39,94,0.0006,2.00E+11
40,94,0.0006,2.00E+11
41,94,0.0006,2.00E+11
42,94,0.0006,2.00E+11
43,94,0.0006,2.00E+11
44,94,0.0006,2.00E+11
80,94,0.0006,2.00E+11
45,94,0.0006,2.00E+11
46,94,0.0006,2.00E+11
47,94,0.0006,2.00E+11
48,94,0.0006,2.00E+11
49,94,0.0006,2.00E+11
50,94,0.0006,2.00E+11
51,94,0.0006,2.00E+11
86,94,0.0006,2.00E+11
53,94,0.0006,2.00E+11
87,94,0.0006,2.00E+11
55,94,0.0006,2.00E+11
88,94,0.0006,2.00E+11
57,94,0.0006,2.00E+11
89,94,0.0006,2.00E+11
77,37,0.0006,2.00E+11
79,37,0.0006,2.00E+11
39,37,0.0006,2.00E+11
40,37,0.0006,2.00E+11
41,37,0.0006,2.00E+11
42,37,0.0006,2.00E+11
43,37,0.0006,2.00E+11
44,37,0.0006,2.00E+11
80,37,0.0006,2.00E+11
45,37,0.0006,2.00E+11
46,37,0.0006,2.00E+11
81,37,0.0006,2.00E+11
82,37,0.0006,2.00E+11
83,37,0.0006,2.00E+11
84,37,0.0006,2.00E+11
85,37,0.0006,2.00E+11
86,37,0.0006,2.00E+11
52,37,0.0006,2.00E+11
87,37,0.0006,2.00E+11
54,37,0.0006,2.00E+11
88,37,0.0006,2.00E+11
56,37,0.0006,2.00E+11
89,37,0.0006,2.00E+11
38,77,0.0006,2.00E+11
79,77,0.0006,2.00E+11
39,77,0.0006,2.00E+11
40,77,0.0006,2.00E+11
41,77,0.0006,2.00E+11
42,77,0.0006,2.00E+11
43,77,0.0006,2.00E+11
44,77,0.0006,2.00E+11
80,77,0.0006,2.00E+11
45,77,0.0006,2.00E+11
46,77,0.0006,2.00E+11
47,77,0.0006,2.00E+11
48,77,0.0006,2.00E+11
49,77,0.0006,2.00E+11
50,77,0.0006,2.00E+11
51,77,0.0006,2.00E+11
52,77,0.0006,2.00E+11
53,77,0.0006,2.00E+11
54,77,0.0006,2.00E+11
55,77,0.0006,2.00E+11
56,77,0.0006,2.00E+11
57,77,0.0006,2.00E+11
78,38,0.0006,2.00E+11
79,38,0.0006,2.00E+11
39,38,0.0006,2.00E+11
40,38,0.0006,2.00E+11
41,38,0.0006,2.00E+11
42,38,0.0006,2.00E+11
43,38,0.0006,2.00E+11
44,38,0.0006,2.00E+11
80,38,0.0006,2.00E+11
45,38,0.0006,2.00E+11
46,38,0.0006,2.00E+11
81,38,0.0006,2.00E+11
82,38,0.0006,2.00E+11
83,38,0.0006,2.00E+11
84,38,0.0006,2.00E+11
85,38,0.0006,2.00E+11
86,38,0.0006,2.00E+11
53,38,0.0006,2.00E+11
87,38,0.0006,2.00E+11
55,38,0.0006,2.00E+11
88,38,0.0006,2.00E+11
57,38,0.0006,2.00E+11
89,38,0.0006,2.00E+11
92,78,0.0006,2.00E+11
79,78,0.0006,2.00E+11
39,78,0.0006,2.00E+11
40,78,0.0006,2.00E+11
41,78,0.0006,2.00E+11
42,78,0.0006,2.00E+11
43,78,0.0006,2.00E+11
44,78,0.0006,2.00E+11
80,78,0.0006,2.00E+11
45,78,0.0006,2.00E+11
46,78,0.0006,2.00E+11
47,78,0.0006,2.00E+11
48,78,0.0006,2.00E+11
49,78,0.0006,2.00E+11
50,78,0.0006,2.00E+11
51,78,0.0006,2.00E+11
86,78,0.0006,2.00E+11
52,78,0.0006,2.00E+11
87,78,0.0006,2.00E+11
54,78,0.0006,2.00E+11
88,78,0.0006,2.00E+11
56,78,0.0006,2.00E+11
89,78,0.0006,2.00E+11
79,92,0.0006,2.00E+11
39,92,0.0006,2.00E+11
40,92,0.0006,2.00E+11
41,92,0.0006,2.00E+11
42,92,0.0006,2.00E+11
43,92,0.0006,2.00E+11
44,92,0.0006,2.00E+11
80,92,0.0006,2.00E+11
45,92,0.0006,2.00E+11
46,92,0.0006,2.00E+11
81,92,0.0006,2.00E+11
82,92,0.0006,2.00E+11
83,92,0.0006,2.00E+11
84,92,0.0006,2.00E+11
85,92,0.0006,2.00E+11
52,92,0.0006,2.00E+11
53,92,0.0006,2.00E+11
54,92,0.0006,2.00E+11
55,92,0.0006,2.00E+11
56,92,0.0006,2.00E+11
57,92,0.0006,2.00E+11
39,79,0.0006,2.00E+11
81,79,0.0006,2.00E+11
47,79,0.0006,2.00E+11
82,79,0.0006,2.00E+11
48,79,0.0006,2.00E+11
83,79,0.0006,2.00E+11
49,79,0.0006,2.00E+11
84,79,0.0006,2.00E+11
50,79,0.0006,2.00E+11
85,79,0.0006,2.00E+11
51,79,0.0006,2.00E+11
52,79,0.0006,2.00E+11
87,79,0.0006,2.00E+11
55,79,0.0006,2.00E+11
56,79,0.0006,2.00E+11
89,79,0.0006,2.00E+11
40,39,0.0006,2.00E+11
81,39,0.0006,2.00E+11
47,39,0.0006,2.00E+11
82,39,0.0006,2.00E+11
48,39,0.0006,2.00E+11
83,39,0.0006,2.00E+11
49,39,0.0006,2.00E+11
84,39,0.0006,2.00E+11
50,39,0.0006,2.00E+11
85,39,0.0006,2.00E+11
51,39,0.0006,2.00E+11
86,39,0.0006,2.00E+11
53,39,0.0006,2.00E+11
54,39,0.0006,2.00E+11
88,39,0.0006,2.00E+11
57,39,0.0006,2.00E+11
41,40,0.0006,2.00E+11
81,40,0.0006,2.00E+11
47,40,0.0006,2.00E+11
82,40,0.0006,2.00E+11
48,40,0.0006,2.00E+11
83,40,0.0006,2.00E+11
49,40,0.0006,2.00E+11
84,40,0.0006,2.00E+11
50,40,0.0006,2.00E+11
85,40,0.0006,2.00E+11
51,40,0.0006,2.00E+11
52,40,0.0006,2.00E+11
87,40,0.0006,2.00E+11
55,40,0.0006,2.00E+11
56,40,0.0006,2.00E+11
89,40,0.0006,2.00E+11
42,41,0.0006,2.00E+11
81,41,0.0006,2.00E+11
47,41,0.0006,2.00E+11
82,41,0.0006,2.00E+11
48,41,0.0006,2.00E+11
83,41,0.0006,2.00E+11
49,41,0.0006,2.00E+11
84,41,0.0006,2.00E+11
50,41,0.0006,2.00E+11
85,41,0.0006,2.00E+11
51,41,0.0006,2.00E+11
86,41,0.0006,2.00E+11
53,41,0.0006,2.00E+11
54,41,0.0006,2.00E+11
88,41,0.0006,2.00E+11
57,41,0.0006,2.00E+11
43,42,0.0006,2.00E+11
81,42,0.0006,2.00E+11
47,42,0.0006,2.00E+11
82,42,0.0006,2.00E+11
48,42,0.0006,2.00E+11
83,42,0.0006,2.00E+11
49,42,0.0006,2.00E+11
84,42,0.0006,2.00E+11
50,42,0.0006,2.00E+11
85,42,0.0006,2.00E+11
51,42,0.0006,2.00E+11
52,42,0.0006,2.00E+11
87,42,0.0006,2.00E+11
55,42,0.0006,2.00E+11
56,42,0.0006,2.00E+11
89,42,0.0006,2.00E+11
44,43,0.0006,2.00E+11
81,43,0.0006,2.00E+11
47,43,0.0006,2.00E+11
82,43,0.0006,2.00E+11
48,43,0.0006,2.00E+11
83,43,0.0006,2.00E+11
49,43,0.0006,2.00E+11
84,43,0.0006,2.00E+11
50,43,0.0006,2.00E+11
85,43,0.0006,2.00E+11
51,43,0.0006,2.00E+11
86,43,0.0006,2.00E+11
53,43,0.0006,2.00E+11
54,43,0.0006,2.00E+11
88,43,0.0006,2.00E+11
57,43,0.0006,2.00E+11
80,44,0.0006,2.00E+11
81,44,0.0006,2.00E+11
47,44,0.0006,2.00E+11
82,44,0.0006,2.00E+11
48,44,0.0006,2.00E+11
83,44,0.0006,2.00E+11
49,44,0.0006,2.00E+11
84,44,0.0006,2.00E+11
50,44,0.0006,2.00E+11
85,44,0.0006,2.00E+11
51,44,0.0006,2.00E+11
52,44,0.0006,2.00E+11
87,44,0.0006,2.00E+11
55,44,0.0006,2.00E+11
56,44,0.0006,2.00E+11
89,44,0.0006,2.00E+11
45,80,0.0006,2.00E+11
81,80,0.0006,2.00E+11
47,80,0.0006,2.00E+11
82,80,0.0006,2.00E+11
48,80,0.0006,2.00E+11
83,80,0.0006,2.00E+11
49,80,0.0006,2.00E+11
84,80,0.0006,2.00E+11
50,80,0.0006,2.00E+11
85,80,0.0006,2.00E+11
51,80,0.0006,2.00E+11
86,80,0.0006,2.00E+11
53,80,0.0006,2.00E+11
54,80,0.0006,2.00E+11
88,80,0.0006,2.00E+11
57,80,0.0006,2.00E+11
46,45,0.0006,2.00E+11
81,45,0.0006,2.00E+11
47,45,0.0006,2.00E+11
82,45,0.0006,2.00E+11
48,45,0.0006,2.00E+11
83,45,0.0006,2.00E+11
49,45,0.0006,2.00E+11
84,45,0.0006,2.00E+11
50,45,0.0006,2.00E+11
85,45,0.0006,2.00E+11
51,45,0.0006,2.00E+11
52,45,0.0006,2.00E+11
87,45,0.0006,2.00E+11
55,45,0.0006,2.00E+11
56,45,0.0006,2.00E+11
89,45,0.0006,2.00E+11
81,46,0.0006,2.00E+11
47,46,0.0006,2.00E+11
82,46,0.0006,2.00E+11
48,46,0.0006,2.00E+11
83,46,0.0006,2.00E+11
49,46,0.0006,2.00E+11
84,46,0.0006,2.00E+11
50,46,0.0006,2.00E+11
85,46,0.0006,2.00E+11
51,46,0.0006,2.00E+11
86,46,0.0006,2.00E+11
53,46,0.0006,2.00E+11
54,46,0.0006,2.00E+11
88,46,0.0006,2.00E+11
57,46,0.0006,2.00E+11
47,81,0.0006,2.00E+11
86,81,0.0006,2.00E+11
52,81,0.0006,2.00E+11
53,81,0.0006,2.00E+11
87,81,0.0006,2.00E+11
54,81,0.0006,2.00E+11
55,81,0.0006,2.00E+11
88,81,0.0006,2.00E+11
56,81,0.0006,2.00E+11
57,81,0.0006,2.00E+11
89,81,0.0006,2.00E+11
82,47,0.0006,2.00E+11
86,47,0.0006,2.00E+11
52,47,0.0006,2.00E+11
53,47,0.0006,2.00E+11
87,47,0.0006,2.00E+11
54,47,0.0006,2.00E+11
55,47,0.0006,2.00E+11
88,47,0.0006,2.00E+11
56,47,0.0006,2.00E+11
57,47,0.0006,2.00E+11
89,47,0.0006,2.00E+11
48,82,0.0006,2.00E+11
86,82,0.0006,2.00E+11
52,82,0.0006,2.00E+11
53,82,0.0006,2.00E+11
87,82,0.0006,2.00E+11
54,82,0.0006,2.00E+11
55,82,0.0006,2.00E+11
88,82,0.0006,2.00E+11
56,82,0.0006,2.00E+11
57,82,0.0006,2.00E+11
89,82,0.0006,2.00E+11
83,48,0.0006,2.00E+11
86,48,0.0006,2.00E+11
52,48,0.0006,2.00E+11
53,48,0.0006,2.00E+11
87,48,0.0006,2.00E+11
54,48,0.0006,2.00E+11
55,48,0.0006,2.00E+11
88,48,0.0006,2.00E+11
56,48,0.0006,2.00E+11
57,48,0.0006,2.00E+11
89,48,0.0006,2.00E+11
49,83,0.0006,2.00E+11
86,83,0.0006,2.00E+11
52,83,0.0006,2.00E+11
53,83,0.0006,2.00E+11
87,83,0.0006,2.00E+11
54,83,0.0006,2.00E+11
55,83,0.0006,2.00E+11
88,83,0.0006,2.00E+11
56,83,0.0006,2.00E+11
57,83,0.0006,2.00E+11
89,83,0.0006,2.00E+11
84,49,0.0006,2.00E+11
86,49,0.0006,2.00E+11
52,49,0.0006,2.00E+11
53,49,0.0006,2.00E+11
87,49,0.0006,2.00E+11
54,49,0.0006,2.00E+11
55,49,0.0006,2.00E+11
88,49,0.0006,2.00E+11
56,49,0.0006,2.00E+11
57,49,0.0006,2.00E+11
89,49,0.0006,2.00E+11
50,84,0.0006,2.00E+11
86,84,0.0006,2.00E+11
52,84,0.0006,2.00E+11
53,84,0.0006,2.00E+11
87,84,0.0006,2.00E+11
54,84,0.0006,2.00E+11
55,84,0.0006,2.00E+11
88,84,0.0006,2.00E+11
56,84,0.0006,2.00E+11
57,84,0.0006,2.00E+11
89,84,0.0006,2.00E+11
85,50,0.0006,2.00E+11
86,50,0.0006,2.00E+11
52,50,0.0006,2.00E+11
53,50,0.0006,2.00E+11
87,50,0.0006,2.00E+11
54,50,0.0006,2.00E+11
55,50,0.0006,2.00E+11
88,50,0.0006,2.00E+11
56,50,0.0006,2.00E+11
57,50,0.0006,2.00E+11
89,50,0.0006,2.00E+11
51,85,0.0006,2.00E+11
86,85,0.0006,2.00E+11
52,85,0.0006,2.00E+11
53,85,0.0006,2.00E+11
87,85,0.0006,2.00E+11
54,85,0.0006,2.00E+11
55,85,0.0006,2.00E+11
88,85,0.0006,2.00E+11
56,85,0.0006,2.00E+11
57,85,0.0006,2.00E+11
89,85,0.0006,2.00E+11
86,51,0.0006,2.00E+11
52,51,0.0006,2.00E+11
53,51,0.0006,2.00E+11
87,51,0.0006,2.00E+11
54,51,0.0006,2.00E+11
55,51,0.0006,2.00E+11
88,51,0.0006,2.00E+11
56,51,0.0006,2.00E+11
57,51,0.0006,2.00E+11
89,51,0.0006,2.00E+11
52,86,0.0006,2.00E+11
53,52,0.0006,2.00E+11
87,53,0.0006,2.00E+11
54,87,0.0006,2.00E+11
55,54,0.0006,2.00E+11
88,55,0.0006,2.00E+11
56,88,0.0006,2.00E+11
57,56,0.0006,2.00E+11
89,57,0.0006,2.00E+11